,Job Title,Link,Sponsoring Researcher(s),Sponsoring Institution,Fields of Research,Deadline,Visa,Sponsoring Institution(s),Sponsoring Researchers,Sponsoring Researcher,,Location,McCoy Family Center for Ethics in Society Research AssociateSponsoring Researcher(s),Project Title,Start Date,Research Scope,Term,Project,Group Specialization,Field of Research,Project Scope,Fields of research,Fields,Next review date,Time Period,Note,Field(s) of Research,Job#,Reference #,Sponsoring,Researcher(s),Job #,Application Deadline,Faculty Focus,Deadline/First Review Date,Priority Consideration Review Date,Deadline/First review date,Job Description,Sponsoring Institutions,Research Topics,Deadline for applications,.,Application Period,First Review,Sponsoring Researcher(s,Job ID,Institution,Requisition ID,First Review Date,Job Reference ID
0,"Research Assistant, Centre for Economic Performance",https://bit.ly/46CYflt,Professor Sandra McNally ,The Centre for Economic Performance ,"Mobility economics, education ",The closing date for receipt of applications is 24th August 2025 (23.59 UK time). ,Eligibility to work with the confidential administrative data linkage from the UK's Department for Education in a secure data environment in the UK. ,,,,,,,,,,,,,,,,,,,,,,,,,,,,,,,,,,,,,,,,,,,
1,Research Associate Fellow,https://bit.ly/3IXz434,Professor Elizabeth Linos ," The People Lab, Harvard Kennedy School ","Behavioral Science, Public Policy, Economics, Statistics ","Applications will be reviewed on a rolling basis with the first review on August 14, 2025. ",,,,,,,,,,,,,,,,,,,,,,,,,,,,,,,,,,,,,,,,,,,,
2,Staff Associate I,https://bit.ly/40JSGho,Jose Scheinkman and Harrison Hong ,"The Program for Economic Research (PER), Columbia University ",Environmental ,"September 19, 2025 ",,,,,,,,,,,,,,,,,,,,,,,,,,,,,,,,,,,,,,,,,,,,
3,Staff Associate I,https://bit.ly/3AgUsw8,"Michael Best, Haoge Chang, Jonathan Dingel, Gautam Gowrisankaran, Sebastian Otero, Pietro Tebaldi, Tatiana Mocanu and Hugo Lhuillier ","The Program for Economic Research (PER), Columbia University ","Development, Econometrics, Energy, Environmental, Health, Public Economics, Industrial Organization, International Economics, Labor, and Urban ","January 28, 2025 ",,,,,,,,,,,,,,,,,,,,,,,,,,,,,,,,,,,,,,,,,,,,
4,Full-Time Research Associate,https://bit.ly/4l7fnDs,"Kate Orkin (University of Oxford), Rob Garlick (Duke University), Lukas Hensel (Peking University) ",,"Development, labor, applied microeconomics, behavioral science. ",ASAP - Applications accepted on a rolling basis. ,"Right to work in South Africa (citizenship, permanent residency or critical skills visa). Please note that J-PAL Africa cannot sponsor work permits. ", J-PAL Africa and University of Oxford ,,,,,,,,,,,,,,,,,,,,,,,,,,,,,,,,,,,,,,,,,,
5,Research Professional,https://bit.ly/4feGZoX,"Professors Matthew Denes, Spyros Lagaras, and Margarita Tsoutsoura "," Carnegie Mellon University, University of Illinois Urbana Champaign, and Washington University in St. Louis ","Corporate Finance, Entrepreneurship, US Administrative Tax Data ",Rolling with priority for applications received by August 31 ,,,,,,,,,,,,,,,,,,,,,,,,,,,,,,,,,,,,,,,,,,,,
6,Research Specialist,https://bit.ly/46reOAE,"Coase-Sandor Institute for Law & Economics, Multiple Law School Faculty ","Coase-Sandor Institute for Law & Economics, University of Chicago Law School ",Public Policy ,Rolling ,,,,,,,,,,,,,,,,,,,,,,,,,,,,,,,,,,,,,,,,,,,,
7,Research Specialist,https://bit.ly/3IFNDbl,,Busara Center for Behavioral Economics and Oxford University ,"Development, labor, applied microeconomics, behavioral science ","August 8, 2025 ",,,"Kate Orkin (University of Oxford), Matthew Ridley (University of Warwick), Alison Andrew (University of Oxford), Nate Barker (Northwestern University), Rob Garlick (Duke University) ",,,,,,,,,,,,,,,,,,,,,,,,,,,,,,,,,,,,,,,,,
8,Empirical Research Fellows,https://bit.ly/3Ixcdev,,Northwestern University Kellogg School of Management ,"Applied microeconomics, labor economics, industrial organization, innovation, organizational economics ",Rolling (immediate start date) ,,,"Shengmao Cao, Benjamin Friedrich, Ryan Hill, Sara Moreira ",,,,,,,,,,,,,,,,,,,,,,,,,,,,,,,,,,,,,,,,,
9,Pre-Doctoral Fellowship in Applied Microeconomics,https://bit.ly/3UfXp6y,,University of Michigan ,"Labor, Education, Innovation ","August 8, with rolling review thereafter ",,,"Francesca Truffa (Michigan), Menaka Hampole (Yale), Ashley Wong (Barnard) ",,,,,,,,,,,,,,,,,,,,,,,,,,,,,,,,,,,,,,,,,
10,"Predoctoral Research Fellow, Climate and Nature Finance",https://bit.ly/4eSbfpo,,Geneva Graduate Institute - Hoffmann Centre for Global Sustainability ,"Climate Finance, Environmental, Economics ","First review July 20, rolling review thereafter ",,,,Beatrice Weder di Mauro ,,,,,,,,,,,,,,,,,,,,,,,,,,,,,,,,,,,,,,,,
11,"Staff Associate - Decision, Risk, and Operations",https://bit.ly/3GupeoA,"Decision, Risk, and Operations (DRO) Division ",Columbia Business School ,"Operations Research, Operations Management, Economics, Statistics ",December 2025 ,,,,,,,,,,,,,,,,,,,,,,,,,,,,,,,,,,,,,,,,,,,,
12,Staff Associate - Digital Future Initiative,https://bit.ly/4lbUEz4,"DFI and Decision, Risk, and Operations (DRO) Division ",Columbia Business School ,"Economics, Statistics ","August 8, 2025 ",,,,,,,,,,,,,,,,,,,,,,,,,,,,,,,,,,,,,,,,,,,,
13,Junior Research Scientist,https://bit.ly/4lfB7xM,NYU Stern Marketing Department (Professors Xiao Liu & Raluca Ursu) ,NYU Stern School of Business ,"Economics, Statistics, Marketing, Finance, Computer Science, Mathematics, Operations Research, Machine Learning, Physics ","Applications will be evaluated on a rolling basis, with applications submitted by July 16 receiving full consideration. ","While we cannot explicitly promise a successful visa sponsorship to any applicant, we are absolutely willing and open to consider all candidates, including international students. ",,,,,,,,,,,,,,,,,,,,,,,,,,,,,,,,,,,,,,,,,,,
14,"Policy Associate, Agriculture",https://bit.ly/40BRWum,Michael Kremer , Development Innovation Lab at the University of Chicago ,Agriculture and food safety; development economics; climate change; and public policy ,Rolling ,,,,,,"Washington, D.C. or Chicago, Illinois ",,,,,,,,,,,,,,,,,,,,,,,,,,,,,,,,,,,,,,
15,Research Scholar,https://bit.ly/44IoC7T,Research Scholar ,Centre for the Governance of AI ,"AI regulation, international governance, technical AI governance, economics of AI, AI risk assessment and forecasting. ",Sunday 20 July ,,,,,,,,,,,,,,,,,,,,,,,,,,,,,,,,,,,,,,,,,,,,
16,Technology Ethics & Policy Rising Scholars Program Research Associate,https://bit.ly/4eciJ69,," McCoy Family Center for Ethics in Society (Ethics Center), Stanford University ","Ethics, policy, society, AI governance, and technology ","First review of the applications will take place on June 25, 2025 ",,,,,,,PI Professor Rob Reich ,,,,,,,,,,,,,,,,,,,,,,,,,,,,,,,,,,,,,
17,Tobin Pre-Doctoral Fellowship,https://bit.ly/4kRXh9a,"Winnie van Dijk (Yale), John Eric Humphries (Yale), Megan Stevenson (University of Virginia), and Aurelie Ouss (University of Pennsylvania) ",Yale University ,"Public Economics, Labor Economics ",Applications will be accepted on a rolling basis. ,,,,,,,,Research on the US Criminal Justice System ,,,,,,,,,,,,,,,,,,,,,,,,,,,,,,,,,,,,
18,Staff Associate,https://bit.ly/44aj2d0,"CUMC and Decision, Risk, and Operations (DRO) Division ","Columbia Business School, Columbia University ",Economics and Statistics ,"July 15, 2025 ",,,,,,,,,,,,,,,,,,,,,,,,,,,,,,,,,,,,,,,,,,,,
19,Research Assistant (Pre-Doc) in Environmental Economics and Innovation,https://bit.ly/4lqhAKT,Eugenie Dugoua ,London School of Economics ,"Environment, Innovation, Data science and tech innovation ",26 June 2025 ,,,,,,,,,,,,,,,,,,,,,,,,,,,,,,,,,,,,,,,,,,,,
20,Junior Research Scientist,https://bit.ly/4jKecZP,Philipp Schnabl and Alexi Savov ,"Stern School of Business, New York University ",Finance ,Rolling; ASAP ,,,,,,,,,,,,,,,,,,,,,,,,,,,,,,,,,,,,,,,,,,,,
21,Economist,https://bit.ly/3HBqiqL,"Dr. Allen Sinai, Chief Economist and Strategist ", Decision Economics ,Macroeconomics ,Rolling; ASAP ,,,,,,,,,,,,,,,,,,,,,,,,,,,,,,,,,,,,,,,,,,,,
22,Full-Time Research Assistant,https://bit.ly/4jMVdxE,"Simon Siegenthaler, University of Texas at Dallas ", National Bureau of Economic Research ,Behavioral Change; Institutional Change; Tipping Points ,Rolling ,,,,,,,,,,,,,,,,,,,,,,,,,,,,,,,,,,,,,,,,,,,,
23,Research Professional,https://bit.ly/452fADx,Bradford Levy  ,The University of Chicago Booth School of Business ,Applied AI and Machine Learning; Accounting; Finance ,"June 30, 2025. ",,,,,,,,,July/August/September 2025 ,,,,,,,,,,,,,,,,,,,,,,,,,,,,,,,,,,,
24,Full-Time Research Assistant,https://bit.ly/43N14NQ,"Kyle Greenberg, Aaron Phipps, Geoffrey Schnorr, Anna Weber ",West Point (Office of Economic and Manpower Analysis) ,"Economics, Econometrics and Statistics ","Rolling. We will begin reviewing candidates starting June 16, 2025 ",,,,,,,,,,,,,,,,,,,,,,,,,,,,,,,,,,,,,,,,,,,,
25,Pre-Doctoral Research Associate,https://bit.ly/43FbnV7,Professor Livia Alfonsi ,"Negotiations, Organizations & Markets unit, Harvard Business School (HBS) ","Development economics, labor economics, marketing, sociology ",Hiring is ASAP ,,,,,,,,,,"Prof. Alfonsi specializes in development economics, focusing on labor market frictions and the determinants of labor market participation in low-income countries. Her research focuses on identifying barriers preventing young adults and women in poor countries from successfully integrating into labor markets. ","This is a term appointment starting sometime between April 2025 and July 2025, with an expectation of reappointment until June 30, 2027, based on funding and performance. ",,,,,,,,,,,,,,,,,,,,,,,,,,,,,,,,,
26,Pre-Doctoral Fellowship,https://bit.ly/4k3yPRU,Professor Dell , Harvard University ,"Political economy, development economics, trade policy, and innovation ","Applicants will be accepted until June 10, 2025. ",,,,,,,,,,,,“Trade Policy and Long-Run Economic Development.” ,,,,,,,,,,,,,,,,,,,,,,,,,,,,,,,,
27,Pre-Doctoral Research Assistant,https://bit.ly/4kwpjXa,OB Faculty ,London Business School ,Organisational Behaviour ,"May 31st, 2025 ",,,,,,"London, United Kingdom ",,,,,,,,,,,,,,,,,,,,,,,,,,,,,,,,,,,,,,
28,Project Academic Specialist (Pre-Doctoral),https://bit.ly/4mqDXAZ,Ryuichi Tanaka and Eric Weese ," Institute of Social Science, University of Tokyo ","Education, Microeconomics, Political Economy ","June. 13, 2025 ",,,,,,"Tokyo, Japan ",,,Summer or Autumn 2025 ,,,,,,,,,,,,,,,,,,,,,,,,,,,,,,,,,,,
29,Research Data Scientist,https://bit.ly/3YTppjn,," Climate Impact Lab, The Energy Policy Institute at the University of Chicago (EPIC) ","Economics, climate science, data science, computer science ",Rolling ,,,,,,,,,,,,,,,,,,,,,,,,,,,,,,,,,,,,,,,,,,,,
30,Climate Economics Pre-Doc,https://bit.ly/43n6AXf,Dr. Kyle Meng ,"Environmental Markets Lab (emLab), University of California, Santa Barbara ","Climate economics, data science ","June 2, 2025 ",,,,,,,,,,,,,,,,,,,,,,,,,,,,,,,,,,,,,,,,,,,,
31,Pre-Doctoral Scholar,https://bit.ly/4kgM6pU,James Robinson , The Harris School of Public Policy at the University of Chicago ,"Psychology, marketing, behavioral economics, decision science, organizational behavior, and management studies ",Rolling ,,,,,,"Chicago, Illinois ",,,,,,,,,,,,,,,,,,,,,,,,,,,,,,,,,,,,,,
32,Economic Research Specialist,https://bit.ly/438l0dz,"Treb Allen (Economics), Davin Chor (Tuck School of Business), and Yang-Yang Zhou (Government) ",Dartmouth University ,International economics ,"Review of applications will begin 13 May 2025, and will continue until the position is filled. ",,,,,,,,,,,,,The Challenges and Opportunities of Globalization ,,,,,,,,,,,,,,,,,,,,,,,,,,,,,,,
33,Pre-Doctoral Research Associate in Economics at the Chair of Globalization and Labor Markets,https://bit.ly/42QER1V,David Dorn ,"Department of Economics, University of Zurich ","Labor Economics, Microeconomics ",30th June 2025 ,,,,,,,,,,,,,,,,,,,,,,,,,,,,,,,,,,,,,,,,,,,,
34,Pre-Doctoral Fellow,https://bit.ly/4ddx95t,Suzanna Khalifa ,Sciences Po Paris ,"Economics, Development, Labor, Behavioural Sciences ",Rolling ,,,,,,,,,,,,,,,,,,,,,,,,,,,,,,,,,,,,,,,,,,,,
35,Postgraduate Associates (Pre-Docs),https://bit.ly/43i6GQT,"OB faculty (some faculty may include Beth Anne Helgason, David Munguia Gomez, Erin Frey, Jennifer Dannals, Laura Adler, and Minjae Kim) ",Organizational Behavior (OB) group at Yale School of Management ,,Application review will begin immediately and continue on a rolling basis thereafter until the position is filled. Short-listed applicants will be asked to complete a data or technical exercise and may be invited to interview. ,,,,,,,,,Summer 2025 ,,,,,"Sociology, psychology, behavioral science, statistics, behavioral economics ","Research related to the future of work, ethics, decision-making, cultural stereotypes, discrimination and inequality in the workplace. ",,,,,,,,,,,,,,,,,,,,,,,,,,,,,
36,Research Assistant,https://bit.ly/4d9NrfW,,"Arthur Lewis Lab for Comparative Development, University of Manchester ",,,,,,"Nuno Palma, Department of Economics ",,"Oxford Road, Manchester ",,,"August 1, 2025 ",,,,,,,"Economic history, comparative development ",,,,,,,,,,,,,,,,,,,,,,,,,,,,
37,Research Associate,https://bit.ly/4jBbVRq,,,,,,,,,,,,,,,,,,,,,,,,,,,,,,,,,,,,,,,,,,,,,,,,
38,Pre-Doctoral Research Fellows,https://bit.ly/4iSeaPl,Professor Gordon Hanson and Professor Dani Rodrik , Harvard Kennedy School ,"Inequality, labor market outcomes, microeconomics, energy, public policy, and political science ","The final application deadline is May 23, 2025. ",,,,,,,,The Reimagining the Economy Project ,Summer 2025 ,,,,,,"The project entails constructing and analyzing novel data on the factors that make regional economies prosperous and resilient to economic shocks and the effectiveness of industrial, place-based, and other policies in helping regions adjust to adverse changes in economic conditions. ",,,,,,,,,,,,,,,,,,,,,,,,,,,,,
39,Junior Research Scientist,https://bit.ly/4cWMZRP,"Sinja Leonelli, Irina Luneva, Gurpal Sran, and Aleksander Aleszczyk ",NYU Stern School of Business ,Accounting ,Rolling ,,,,,,,,,,,,,,,,,,,,,,,,,,,,,,,,,,,,,,,,,,,,
40,Junior Specialist (Predoc),https://bit.ly/43ctuS4,Cailin Slattery ," Center for Effective Global Action (CEGA), University of California, Berkeley ",,"Friday, May 30, 2025 at 11:59pm (Pacific Time) ",,,,,,,,,Fall 2025 ,,,,,,,,"Infrastructure economics and financing, public policy ","Wednesday, May 14, 2025 at 11:59pm (Pacific Time) ",,,,,,,,,,,,,,,,,,,,,,,,,,
41,Geospatial Data Scientist Consultant,https://bit.ly/3RLY3aW,,: Yale Economic Growth Center; Yale Inclusion Economics ,": Development economics, data science, environment, statistics ",: Rolling ,,,,,,Remote ,,,,,,,,,,,,,,,,,,,,,,,,,,,,,,,,,,,,,,
42,Pre-Doctoral Research Associate (Development Economics),https://bit.ly/4jDHES6, Duncan Webb ," NovaSBE, Lisbon ","Development, Behavioral Science, Health ",15th May 2025 ,,,,,,,,,,,,,,,,,,,,,,,,,,,,,,,,,,,,,,,,,,,,
43,Pre-Doctoral Fellow,https://bit.ly/4lVCqmo,Dr. Sadegh Eshaghnia ,The Center for the Economics of Human Development ,"Inequality, public policy and intervention, applied microeconomics, econometrics ",Rolling ,,,,,,,, Origins of Persistence of Inequality in Denmark  ,,,,,,,,,,,,,,,,,,,,,,,,,,,,,,,,,,,,
44,Research Associate (Pre-Doc),https://bit.ly/3RG7Or0, Fed economists , Federal Reserve Bank of St. Louis ,"Economics, econometrics, finance ",30 May 2025 midnight UTC ,,,,,,,,,,,,,,,,,,,,,,,,,,,,,,,,,,,,,,,,,,,,
45,Pre-Doctoral Research Fellow,https://bit.ly/4cW2MQY,"Dr. Simone Schaner, Associate Professor (Research) of Economics and fellows/staff at Yale University and Inclusion Economics- India ","Center for Economic and Social Research (CESR),The University of Southern California (USC) ","Development economics, applied econometrics, digital technology and policy, gender ",Rolling ,,,,,,"The Fellow will be based at USC, with travel to India and Sub-Saharan Africa. ",,,,,,,,,,,,,,,,,,,,,,,,,,,,,,,,,,,,,,
46,Pre-Doctoral Data Research Specialist,https://bit.ly/44BgIO5,"John Eric Humphries (Yale), Aurélie Ouss (Upenn), Megan Stevenson (UVA Law),  Winnie van Dijk (Yale) ",University of Pennsylvania ,"Public policy, public economics, criminal justice ",Rolling ,,,,,,,,,,,,,,,,,,,,,,,,,,,,,,,,,,,,,,,,,,,,
47,"Research Manager, Criminal Justice",https://bit.ly/4cJ1Hfg,Researcher Alissa Skog; Research Director Dr. Johanna Lacoe; CRPC Principal Investigators; CRPC Legal Director; and CPL research staff. ,,"Public policy and sociology (homelessness, poverty, criminal justice reform, and education inequality) ",Rolling ,, California Policy Lab ,,,,,,,,,,,,,CPL is the research partner for the Committee on Revision of the Penal Code (CRPC). The Committee is a state entity that studies and recommends changes to all aspects of California’s criminal laws — from policing to sentencing to reentry and more.The Research Manager is the day-to-day project manager on CRPC projects. ,,,,,,,,,,,,,,,,,,,,,,,,,,,,,
48,Pre-Doctoral Associate,https://bit.ly/3GrVh82,, University of Chicago Trust; Development Innovation Lab-India ,"Development economics, health, education, agriculture, climate change ",Rolling ,,,,,,"Project locations are Bhubaneshwar, Vijayawada, Delhi, Bangalore ",,,The anticipated start date for this position is between June-July 2025. ,,,,,,,,,,,,,,,,,,,,,,,,,,,,,,,,,,,
49,Predoctoral Research Assistant – Computational Social Science,https://bit.ly/4jhnqgE,MSR NYC Computational Social Science group , Microsoft Research ,Computational social science ,Applications are reviewed on a rolling basis ,,,,,,,,,,,,,,,,,,,"Start by June 30, 2025 and end date in July or August 2026 ",,,,,,,,,,,,,,,,,,,,,,,,,
50,Research Analyst Positions in Financial Economics (Full-Time),https://bit.ly/4ihAWj7,Alexander Ljungqvist ,Stockholm School of Economics ,,"April 26, 2025 ",,,,,,,,,,,,,,,,Finance ,,,,A US 4-year bachelor's degree is comparable to a one-year master's in Europe. ,,,,,,,,,,,,,,,,,,,,,,,,
51,Junior Research Scientist,https://bit.ly/43ZlUeC,Petra Moser and Jacob French ,"Department of Economics, NYU Stern School of Business ","Applied Microeconomics, Economic History, Labor, Innovation ",Applications will be evaluated on a rolling basis. ,,,,,,,,,,,,,,,,,,,,,,,,,,,,,,,,,,,,,,,,,,,,
52,Pre-Doctoral Fellowship,https://bit.ly/3GdN87l,Prof Breza and Viviano ,Harvard University ,Development economics and econometrics ,Applications will be accepted and reviewed on a rolling basis. ,,,,,,,,,,,,,,,,,,,,,,,,,,,,,,,,,,,,,,,,,,,,
53,Junior Research Scientist,https://bit.ly/3Gdj4bR,Giulia Brancaccio and Felix Montag ,New York University Stern School of Business ,,Rolling basis (first review 30 April) ,,,,,,,,,"A start date of September 2025 is preferred, but negotiable. ",,,,,Industrial Organization and International Trade ,,,,,,,,,,,,,,,,,,,,,,,,,,,,,,
54,Pre-Doctoral Research Associate,https://stanford.io/4cyHfxn, Erik Brynjolfsson , Stanford Institute for Economic Policy Research (SIEPR) ,"Economics, Data Science and Tech Innovation, Labor ",Applications will be accepted and reviewed on a rolling basis. The position will remain open until filled. ,,,,,,,,,"July 7, 2025 ",,,,,,,,,,,,,,,,,,,,,,,,,,,,,,,,,,,
55,Pre-Doc Research Assistant Programme,https://bit.ly/3GmRMjd,,"London Business School, University of London ","Behavioral science, data science and tech innovation, sociology/political science ","May 20, 2025 at 11:59 PM Eastern Time ",,,,,,,,,,,,,,,,,,,,,,,,,,,,,,,,,,,,,,,,,,,,
56,Pre-Doctoral Fellow,https://bit.ly/3EnX25I,Bruce D. Meyer ,"University of Chicago, Harris School of Public Policy ",,Applications will be reviewed on a rolling basis. ,,,,,,,,,Summer/Fall 2025 ,,,,,,,,,,,,"Economics (Labor, Urban, and Public Economics), Data Science and Tech Innovation, and Public Policy ",,,,,,,,,,,,,,,,,,,,,,,
57,Data Analyst I,https://bit.ly/3EoNgjC,," Department of Political Science, MIT ",Computational techniques; data models and operations infrastructure; political science ,Applications are reviewed on a rolling basis. ,,,,,,,,,,,,,,,,,,,,,,24883-6 ,,,,,,,,,,,,,,,,,,,,,,
58,Junior/Assistant Specialist,https://bit.ly/4jxj6d7,Professor David Broockman ,"The Center for the Study of American Democracy, Travers Department of Political Science at UC Berkeley ","Research on political institutions, political behavior, and political economy in the United States. ","Wednesday, Apr 30, 2025 at 11:59pm (Pacific Time) ",,,,,,,,,,,,,,,,,,,,,,,,,,,,,,,,,,,,,,,,,,,,
59,Research Assistant,https://bit.ly/3Epugl1,Clément de Chaisemartin ,Sciences Po-Paris ,Economics; Econometrics ,3 May 2025 - 23:59 (Europe/Paris) ,,,,,,,,,,,,,,,,,,,,,,,,,,,,,,,,,,,,,,,,,,,,
60,Pre-Doctoral Research Associate,https://bit.ly/4jHBP6J,Paul A. Gompers ,Harvard Business School ,Entrepreneurship and Finance ,Applications will be accepted and reviewed on a rolling basis. ,,,,,,,,,,,,,,,,,,,,,,,,,,,,,,,,,,,,,,,,,,,,
61,Pre-Doctoral Research Assistant,https://bit.ly/4lrhTWA,Assistant Professor Amanda Dahlstrand (Zurich); Postdoc Shan Huang (Stockholm); and Associate Professor Guy Michaels (London School) ,University of Zurich ,,"April 30, 2025 ",,,,,,"Stockholm, Sweden ",,,,,,,,,,,,,,,Healthcare; Digitization and Tech; Econometrics; Applied Economics ,,,,,,,,,,,,,,,,,,,,,,,
62,Post-Graduate Associate,https://bit.ly/4jgW89T,Associate Professor of Government and PRL Director Sean Westwood , Dartmouth College ,Data science and computational social science research projects focused on understanding elections and democracy. ,"Review will start immediately (April 1, 2025) and will continue until the position is filled. ",,,,,,,,,,,,,,,,,,,,,,,,,,,,,,,,,,,,,,,,,,,,
63,Pre-Doc Research Analyst,https://bit.ly/4df8Kf4,"Joseph Gyourko, Gilles Duranton, Todd Sinai, Fernando Ferreira, Maisy Wong, Ben Keys, Jessie Handbury, Nina Harari, Sophie Calder-Wang ", Wharton Real Estate Center ,"Applied Microeconomics, real estate, urban economics, household finance, public finance, industrial organization, development ",Rolling ,,,,,,,,,,,,,,,,,,,,,,,JR00094334 ,,,,,,,,,,,,,,,,,,,,,
64,Pre-Doctoral Fellowship in Economics of Education,https://bit.ly/4hF30wM,," Department of Economics, University of Toronto ","Applied Microeconomics, Education ","Rolling, with a start date of June 2025. ",Work authorization in Canada is required. ,,,,,,,,,,,,,,,,,,,,,,, ,"Profs. Gustavo Bobonis, Raissa Fabregas, Orlando Sotomayor, Román Andrés Zárate and Philip Oreopoulos ",,,,,,,,,,,,,,,,,,,
65,Staff Associate,https://bit.ly/4kPBK1i,Economics Division ,Columbia Business School  ,,: Rolling ,,,,,,,,,,,,,,,,,: Economics ,,,,,,,,,,,,,,,,,,,,,,,,,,,
66,Pre-Doctoral Researcher,https://bit.ly/4iHCB2J,Professor Jacob Moscona ,The Massachusetts Institute of Technology ,"Development, Environmental/Climate Change, Innovation, Political Economy, and Trade ",Rolling ,,,,,,,,,,,,,,,,,,,,,,,,,,24844 ,,,,,,,,,,,,,,,,,,
67,Pre-Doctoral Fellowship in Applied Microeconomics,https://bit.ly/3FGz8mk,Prof. Eva Vivalt ," Department of Economics, University of Toronto ","Applied Microeconomics, Cash Transfers, Evidence-Based Decision-Making ","March 31, 2025, with a start date of Summer 2025 ",Work authorization in Canada is required. ,,,,,,,,,,,,,,,,,,,,,,,,,,,,,,,,,,,,,,,,,,,
68,Junior Research Scholar (Pre-Doctoral Fellowship),https://bit.ly/3FHvEjp,Professors Paolo Martellini and Abdou Ndiaye ,The NYU Stern Department of Economics ,"Macroeconomics and related fields (labor, public finance, firm dynamics, and urban economics) ",Applications will be evaluated on a rolling basis. ,,,,,,,,,,,,,,,,,,,,,,,,,,,,,,,,,,,,,,,,,,,,
69,Research Analyst,https://bit.ly/4huZWTD,CEHD’s research is guided by Nobel laureate James J. Heckman to include a comprehensive array of interrelated and interdisciplinary projects and initiatives which promote a thorough empirical understanding of human flourishing. ,Center for the Economics of Human Development (CEHD) ,,,,,,,,,,,,,,,,,,,,,,,Economics; econometrics; health; public policy ,,,,,,Rolling ,,,,,,,,,,,,,,,,,
70,Research Assistant,https://bit.ly/3XUdOQn,Staff economists , Federal Reserve Bank of Chicago ,"Micro and macroeconomics, finance, regional economics, insurance markets, and economic inequality and inclusion. ",Applications will be accepted and reviewed on a rolling basis. ,,,,,,,,,,,,,,,,,,,,,,,,,,,,,,,,,,,,,,,,,,,,
71,Junior Research Scientist,https://bit.ly/3FwtkvG,,,,Rolling ,," Management & Organizations Department, NYU Stern School of Business ",,,,,,,,,,,,,,,Management & Operations ,,,,,,,,,,,Corporate social responsibility; demographics and inequality; entrepreneurship; interpersonal relationships; technology and innovation; the future of work; etc. ,,,,,,,,,,,,,,,,
72,Research Professional,https://bit.ly/4kPP6KP,Dr. Joshua Conrad Jackson ,The University of Chicago Booth School of Business ,Behavioral Science ,"Rolling review, initial full review April 1st. ",,,,,,,,,,,,,,,"Research on how culture and history influence human behavior and cognition, including moral psychology, religious belief and ritual, emotion, political ideology, social norms, and language. ",,,,,,,,,,,,,,,,,,,,,,,,,,,,,
73,Junior Research Scientist,https://bit.ly/3Duauoj,Professors Peter Koudijs and Amanda Dos Santos ,Leonard N. Stern School of Business: Finance Department ,Finance ,"Mar 31, 2025 at 11:59 PM Eastern Time ",,,,,,,,,,,,,,,"Research topics include emerging market debt dynamics, financial strategies of multinational firms, and global capital flows. ",,,,,,,,,,,,,,,,,,,,,,,,,,,,,
74,Pre-Doctoral Fellow in Economics and Applied Machine Learning with a Focus on Developing Countries,https://bit.ly/4kO1vio,David Yanagizawa-Drott , University of Zurich ,"Development, Data Science and Tech Innovation, Machine Learning, Political Economy, Public Policy ",,,,,,,,,,,,,"Cutting-edge research exploring the role of AI technologies in lower-middle-income countries, with a focus on Sub-Saharan Africa (Ghana, Tanzania, Kenya) ",,,,,,,,,,,,,,,,,"Applications are reviewed on a rolling basis, with first full review on March 24. ",,,,,,,,,,,,,,,
75,Full-Time Research Assistant,https://bit.ly/3DK1qLT,Abhishek Nagaraj ,National Bureau of Economic Research ,"Technological Change; Research and Development, Agricultural and Natural Resource Economics; Environmental and Ecological Economics ",Rolling ,,,,,,,,,,,,,,,,,,,,,,,,,,,,,,,,,,,,,,,,,,,,
76,IRiSS Pre-Doctoral Researchers,https://bit.ly/4bGC7XI," Jeffrey Hancock, José Ignacio Cuesta, Jens Hainmueller, Neil Malhotra, Douglas Rivers, Scott Sagan, Johannes Eichstaedt, Michael Frank, Jeremy Freese, David Grusky ",Stanford University – Institute for Research in the Social Sciences ,"Communication, Economics, Political Science, Psychology, Sociology ",,,,,,,,,,,,,,,,,,,,,,,,,,,,,,,March 17 ,,,,,,,,,,,,,,
77,Pre-Doctoral Researcher,https://bit.ly/4bxrBSt,Professors Andrew Garin and Felix Koenig , Carnegie Mellon University: Heinz College ,Labor ,Applications will be accepted and reviewed on a rolling basis. ,,,,,,,,,,,,,,,Projects about the economics of labor markets ,,,,,,,,,,,,,,,,,,,,,,,,,,,,,
78,Research Professional,https://bit.ly/3DiUoha,Sanjog Misra ,The University of Chicago Center for Applied AI ,"Economics, Machine Learning, Computer Science ",,,,,,,,,,,,,,,,,,,,,,,,,,,,,,,,"March 21, 2025 ",,,,,,,,,,,,,
79,Research Associate (Economics),https://bit.ly/3QKowVS,"Prof. Farzana Afridi (Indian Statistical Institute, Delhi) & Dr. Sugat Chaturvedi (Ahmedabad University) ","Centre for Research on the Economics of Climate, Food, Energy and Environment); Indian Statistical Institute (ISI), Delhi Centre; and IFMR (Institute for Financial Management and Research). ",Labor economics ,Applications will be open till the position is filled. ,,,,,,ISI (New Delhi) ,,,,,,The projects seek to harness digital technology to address multiple constraints on Female Labour Force Participation and improve women’s labor market outcomes. ,,,,,,,,,,,,,,,,,,,,,,,,,,,,,,,,
80,Pre-Doc in Economics and Data Science,https://bit.ly/4h3rAH0,"Elliott Ash (ETH Zurich), Benjamin Arold (University of Cambridge) ", ETH Zurich ,"Data Science and Tech Innovation, Education, Political Economy ","April 1, 2025 ",,,,,,,,,,,,,,,,,,,,,,,,,,,,,,,,,,,,,,,,,,,,
81,Pre-Doctoral Fellow in Applied Economics & Impact Evaluation,https://bit.ly/3XmrXpb,Travis J. Lybbert ," University of California, Davis ","Agricultural and Resource Economics, Development Economics ","Mar 5, 2025 at 11:59pm (Pacific Time) ",,,,,,,,,,,,,,,,,,,,,,,,,,,,,,,,,,,,,,,,,,,,
82,Research Associates,https://bit.ly/3Xhfcvq,,,"Education, Finance, Labor, Macro, Public Policy, and Urban ",Rolling ,,,,,,,,,,,,,,,,,,,,,,,,,,,,,,,,, The Federal Reserve System ,,,,,,,,,,,
83,Pre-Doctoral Fellow,https://bit.ly/4gZsAfy,Matt Kahn and Paulina Oliva ,University of Southern California ,,"March 31, 2025 ",,,,,,,,,,,,,,,,,,,,,Environmental Economics ,,,,,,,,,,,,,,,,,,,,,,,
84,Research Professional – International Economics and Economic Geography Initiative,https://bit.ly/4gV5kix,"Brent Neiman, Milena Almagro, and Rohan Kekre ",The Becker Friedman Institute for Economics (BFI) ,"International finance, macro, and spatial economics ",Rolling ,,,,,,,,,"7/1/2025, with flexibility ",,,,,,,,,,,,,,,,,,,,,,,,,,,,,,,,,,,
85,Full-Time Pre-Doctoral Associate,https://bit.ly/4hQFKNa,Professors Hortense Fong and George Gui ,Columbia Business School ,"Data Science, Statistics, Computational Social Science, Computer Science, and Marketing (researchers will apply machine learning techniques to the study of marketing problems, including but not limited to the analysis of consumer behavior, user-generated content, and advertising) ",Applications are reviewed on a rolling basis; the initial full review will be March 15. ,,,,,,,,,,,,,,,,,,,,,,,,,,,,,,,,,,,,,,,,,,,,
86,Pre-Doctoral Research Fellow,https://bit.ly/4h1y09X,"Anya Samek (University of California San Diego), Lena Song (University of Illinois Urbana-Champaign), and John List (University of Chicago) ", University of California San Diego ,"Behavioral Science, Education ","Rolling, with first interviews starting March 1, 2025 ",,,,,,,,,,,,,,,,,,,,,,,,,,,,,,,,,,,,,,,,,,,,
87,Pre-Doctoral Positions,https://bit.ly/3CM4IxV,Abhishek Nagaraj (UC Berkeley) and Matteo Tranchero (Penn) , UC Berkeley’s Haas School of Business; Wharton School of the University of Pennsylvania ,": Applied economics, innovation, entrepreneurship, data science and tech innovation ",Rolling ,,,,,,,,,,,,,,,,,,,,,,,,,,,,,,,,,,,,,,,,,,,,
88,Pre-Doctoral Technical Associate,https://bit.ly/4hBFgtU,": Anna Stansbury, Assistant Professor at MIT Sloan ",: Massachusetts Institute of Technology: Sloan School of Management ,,: We will review all applications and interview candidates in February. ,,,,,,,,,,,,,,,,,,,,,: Labor economics ,,,,,,,,,,,,,"Research topics will include imperfect competition as well as the role of institutions (e.g. governments, unions) in regulating labor market inequality. ",,,,,,,,,,
89,Pre-Doctoral Technical Associate,https://bit.ly/4er9iOY,Antoinette Schoar ,,"FinTech, Cryptocurrency and Blockchain, Consumer Finance, and Financial Intermediation ",,, MIT Sloan School of Management ,,,,,,,,,,,,,,,,,,,,,,,,,,,,,,,,,We will be accepting and reviewing applications on a rolling basis until the position(s) are filled ,,,,,,,,,
90,Full-Time Research Assistant,https://bit.ly/4hwY3a0,Matthew Baron , National Bureau of Economic Research ,"Banking, Financial Crises, Financial History ",Rolling ,,,,,,,,,,,,,,,,,,,,,,,,,,,,,,,,,,,,,,,,,,,,
91,Research Professional in Accounting,https://bit.ly/4hyJouK,Professor Philip Berger ,The University of Chicago Booth School of Business ,"Accounting, corporate finance, and labor economics. ","Applications are reviewed on a rolling basis; the initial full review will be March 15, 2025. ",,,,,,,,,,,,,,,,,,,,,,,,,,,,,,,,,,,,,,,,,,,,
92,Research Professional in Marketing,https://bit.ly/3Eupeng,Professor Andreas Kraft ,University of Chicago Booth School of Business ,Quantitative Marketing ,,,,,,,,,,,,,,,,,,,,,,,,,,,,,,,,,,,,,,"Applications are reviewed on a rolling basis; the initial full review will be March 1, ",,,,,,,
93,Full-Time Research Specialist,https://bit.ly/41c0HfB,," Crockett Lab, Princeton's Department of Psychology and University Center for Human Values ","Psychology, cognitive science, computational social science, data science, and related fields. ","Applications will go under review starting February 14th, rolling afterward. ",,,,,,,,,,,,,,,"The Research Specialist will contribute to research projects investigating transformative experience, identity change, and empathy in the digital age. ",,,,,,,,,,,,,,,,,,,,,,,,,,,,,
94,Pre-Doctoral Fellowship in Applied Economics,https://bit.ly/4jMh0XH,"Profs. Nate Baum-Snow, Victor Couture, and Stephan Heblich "," Department of Economics and Rotman School of Management, University of Toronto ","Urban, Labor, History, Environment, Transportation ",,,,,,,,,,,,,,,,,,,,,,,,,,,,,,,,"Rolling, with a start date of Summer 2025 ",,,,,,,,,,,,,
95,Pre-Doctoral Research Fellow,https://bit.ly/40MdGDf,Dr. John M. Griffin ,Integra FEC ,"Finance, CMBS, Economics, Cryptocurrency, & Fraud Analytics ",04/04/2025 ,,,,,,,,,,,,,,,,,,,,,,,,,,,,,,,,,,,,,,,,,,,,
96,Pre-Doctoral Fellow,https://bit.ly/3CtAoIk,Reed Walker (Business & Public Policy) ,The Center for Effective Global Action (CEGA) and the Opportunity Lab at UC Berkeley ,Energy and Environmental Economics; Labor Economics; Public Economics ,"March 24, 2025 ",,,,,,,,,,,,,,,,,,,,,,,,,,,,,,,,,,,,,,"February 18, 2025 ",,,,,,
97,Research Professional,https://bit.ly/40OKNWZ,Kawin Ethayarajh ,The University of Chicago Booth School of Business ,"Microeconomics, Data Science and Tech Innovation, AI and Machine Learning ","March 31, then rolling ",,,,,,,,,,,,,,,,,,,,,,,,,,,,,,,,,,,,,,,,,,,,
98,Pre-Doctoral Research Specialist,https://bit.ly/42LNHhR,,": Wharton School, University of Pennsylvania ",: Public Economics; Labor; Public Policy; Applied Microeconomics ,: Rolling/February 21st ,,,,,,,,,,,,,,,,,,,,,,,,,,,,,,,,,,,,,,,): Ben Sprung-Keyser ,,,,,
99,Pre-Doctoral Researcher,https://bit.ly/4jMRAZW,Prof. Nina Roussille ,Massachusetts Institute of Technology ,"Research in labor economics on the determinants of imperfect competition, gender and racial inequality, as well as the role of information frictions in generating income inequality. ",Rolling ,,,,,,,,,"June 1st, 2025. ",,,,,,,,,,,,,,,,,,,,,,,,,,,,,,,#24818 ,,,,
100,Research Professional,https://bit.ly/40M5pz6,Quentin Vandeweyer and Anthony Lee Zhang ,The University of Chicago Booth School of Business ,"Microeconomics, Finance, Economic Theory, Structural Estimation ","February 28, then rolling ",,,,,,,,,,,,,,,,,,,,,,,,,,,,,,,,,,,,,,,,,,,,
101,Pre-Doctoral Fellow,https://bit.ly/4hlbauQ,Professors Lisa B. Kahn and Ronni Pavan ,University of Rochester; Census Research Data Center ,Labor and urban economics. ,"Review of applications will begin on March 1 2025, with rolling reviews until the position is filled. ",,,,,,,,,,,,,,,,,,,,,,,,,,,,,,,,,,,,,,,,,,,,
102,Research Professional-Climate Impact Lab,https://bit.ly/4jIvasG,: Michael Greenstone ,,,: Rolling ,,: The Energy Policy Institute at Chicago (EPIC) ,,,,,,,"July 1, 2025 ",,,,,,,,": Energy, climate policy, climate change's impact on various socioeconomic sectors, including health, agriculture, labor, energy, conflict, coasts, and migration. ",,,,,,,,,,,,,,,,,,,,,,,,,,,
103,Research Analyst,https://bit.ly/40z56aO,Dean Karlan; Christopher Udry ,"Global Poverty Research Lab, Northwestern University ",Development Economics ,2/14/25 ,,,,,,,,,,,,,,,,,,,,,,,,,,,,,,,,,,,,,,,,,,,,
104,Research Professional,https://bit.ly/42mLf1b,Professor Christopher Blattman ," BFI’s Development Economics Initiative, The Becker Friedman Institute for Economics at the University of Chicago ","Violence prevention, the economics of organized crime, and other topics on the intersection of development economics and political economy. ",Rolling ,,,,,,,,,,,,,,,,,,,,,,,,,,,,,,,,,,,,,,,,,,,,
105,Research Professional,https://bit.ly/4htFJhk,,": Behavioral Insights and Parenting Lab, The University of Chicago ",: Parental decision-making; income-based behavioral interventions; child development ,: Rolling ,,,,,,,,,7/1/2025 ,,,,,,,,,,,,,,,,,,,,,,,,,,,,,,): Professors Ariel Kalil and Susan Mayer ,,,,,
106,Kabir Banerjee Pre-Doctoral Fellowship,https://bit.ly/4juabdh,,The Weiss Fund for Research in Development Economics ,The Weiss Fund for Research in Development Economics supports innovative research projects that aim to improve the lives of people living in developing countries. ,"The application deadline is January 31st, 2025 EOD Central Time. ",,,,,,,,,,,,,,,,,,,,,,,,,,,,,,,,,,,,,,,,,,,,
107,Pre-Doctoral Research Associate,https://bit.ly/4atRIJt,Dan Garrett and Marius Guenzel  ," The Wharton School, University of Pennsylvania ",Finance ,Rolling with First Review Date in early February ,,,,,,,,,,,,,,,,,,,,,,,,,,,,,,,,,,,,,,,,,,,,
108,Research Assistant III,https://bit.ly/40ImZVS,Nicole Maestas , Harvard Medical School ,"Health, Labor, Economics ",Applications reviewed on a rolling basis. ,,,,,,,,,,,,,,,,,,,,,,,,,,,,,,,,,,,,,,,,,,,,
109,"Research Assistant-Exploring Economics of Technological Progress, Innovation, and Artificial Intelligence",https://bit.ly/40rs6Z7,"Danial Lashkari, Neil Thompson ",MIT FutureTech at MIT Sloan ,"Innovation and Technical Growth, Macroeconomics, Econometrics, Data Science ",Rolling ,,,,,,,,,,,,,,,,,,,,,,,,,,,,,,,,,,,,,,,,,,,,
110,Pre-Doctoral Research Associate,https://bit.ly/40B8Iuc,"Amy W. Huber, Karen K. Lewis, and Yao Zeng "," The Wharton School, University of Pennsylvania ",,Rolling with First Review Date in early February ,,,,,,,,,,,,,,,,,,,,,Finance ,,,,,,,,,,,,,,,,,,,,,,,
111,Full-Time Research Assistant,https://bit.ly/42oC2Wd,Yueran Ma , National Bureau of Economic Research ,,Rolling ,,,,,,,,,,,,,,,,,"Corporate Finance, Organizational Economics, Entrepreneurship, Macroeconomics ",,,,,,,,,,,,,,,,,,,,,,,,,,,
112,Lab Manager/Research Assistant,https://bit.ly/40fXIkD,,,"Behavioral Science, Mental Health, Social Neuroscience, Computational Neuroscience. ",Ongoing. ,,,,Dr. Damian Stanley ,,,,,,,,,,,,,,,,,,,,,,,,,,,,,,,,,,,,,Adelphi University ,,,
113,Research Data Analyst (Pre-Doctoral),https://bit.ly/3WfDMwM,Ulrike Malmendier ," UC Berkeley, O'Donnell Center for Behavioral Economics (Haas School of Business & Department of Economics) ","Applied Microeconomics, Behavioral Economics, Behavioral Finance, Macro-Finance, Labor, Health ",Rolling. Early applications are encouraged. ,,,,,,,,,,,,,,,,,,,,,,,,,,,,,,,,,,,,,,,,#75137 ,,,,
114,Pre-Doctoral Research Assistant,https://bit.ly/4gSNIVh,Davide Cantoni and Claudia Steinwender ,Ludwig-Maximilians-University Munich ,"Economics, Economic History, Applied Economics ",Rolling ,,,,,,,,,,,,,,,,,,,,,,,,,,,,,,,,,,,,,,,,,,,,
115,Pre-Doctoral Research Associates,https://bit.ly/4hhX1xR,, Harvard Business School ,"Strategy, Finance, Entrepreneurial Management, Technology and Operations Management, Organizations and Markets, Organizational Behavior, Marketing, or Accounting ",Rolling ,,,,,,,,,,,,,,,,,,,,,,,,,,,,,,,,,,,,,,,,,,,,
116,Research Associate-Junior Professional Researcher Program,https://bit.ly/40vuEXH,,The University of Michigan Institute for Social Research (ISR) ,,"Feb 02, 2025 at 11:59 PM Eastern Time ",,,,,,,,,,,,,,,,,,,,,"Social psychology, public policy, qualitative social sciences, epidemiology and genomics. ",,,,,,,,,,,,,,,,,,,,,,,
117,Pre-Doctoral Research Fellow in Financial Economics,https://bit.ly/4abwboO,Gordon Phillips and Franz Hinzen , Tuck School of Business at Dartmouth ,,Rolling ,,,,,,,,,,,,,,,,,,,,,Finance ,,,,,,,,,,,,,,,,,,,,,,,
118,Research Assistant in Economics,https://bit.ly/4j72465,Arash Nekoei and Josef Sigurdsson ,"The Institute for International Economic Studies (IIES), Stockholm University ",,2025/1/17 ,,,,,,,,,,,,,,,,,,,,,"Public Economics, Labor Economics, Economic History ",,,,,,,,,,,,,,,,,,,,,,,
119,Research Assistants,https://bit.ly/4g49CnD,,Federal Reserve Bank of Philadelphia ,"Economics, monetary policy, econometrics and statistics ","Apply by May 15, 2024. ",,,Economic Research Department ,,,,,,,,,,,,,,,,,,,,,,,,,,,,,,,,,,,,,,,,,
120,Research Assistant,https://bit.ly/3DKdbBP,Institute Director and associated economists ," The Opportunity and Inclusive Growth Institute, Federal Reserve Bank of Minneapolis ","Economic opportunity and inclusive growth, econometrics and statistics ",Late winter or early spring ,,,,,,,,,,,,,,,,,,,,,,,,,,,,,,,,,,,,,,,,,,,,
121,Research Associate,https://bit.ly/4iB88Uh,Professor Sabareesh Ramachandran ,The Indian School of Business (ISB) ,Economics and Public Policy ,Rolling. Early applications are encouraged. ,,,,,,,,,,,,,,,"Professor Sabareesh's research focuses on identifying ways governments should best allocate resources to improve welfare outcomes like education, health, and social protection. ",,,,,,,,,,,,,,,,,,,,,,,,,,,,,
122,Empirical Research Fellow,https://bit.ly/3CjUYdD,Dashun Wang ," Kellogg School of Management, Northwestern University ","Computational social science, network analysis, metascience ","Apply by February 7, 2025 ",,,,,,,,,,,,,,,,,,,,,,,,,,,,,,,,,,,,,,,,,,,,
123,Pre-Doctoral Research Specialist,https://bit.ly/3We19ai,,"Wharton School of Business, The University of Pennsylvania ",AI; Education; Machine Learning ,Rolling ,,,,,,,,,,,,,,,The Pre-Doctoral Research Specialist will conduct research on two main projects - understanding impact of AI on human interactions and impact of smartphone bans on educational outcomes. ,,,,,,,,,,,,,,,,,,,,,,,,,,,,,
124,CSAP Predoc: Domestic and Foreign Politics of China,https://bit.ly/3DXyAaw,Daniel Mattingly ,Yale University ,,Rolling ,,,,,,,,,,,,,,,,,,,,,"Sociology/Political Science, Political Economy ",,,,,,,,,,,,,,,,,,,,,103181 ,,
125,Predoctoral Research Associate,https://bit.ly/3C1jQae,Finance unit ,Harvard Business School ,"Asset pricing, corporate finance, financial strategy, capital markets, credit risk, and more. ",,,,,,,,,,,,,,,,,,,,,,,,,,,,,,,,,,,,,,,,,,,,Rolling ,
126,Predoctoral Research Associate,https://bit.ly/4h2klj8,,Harvard Business School (HBS) ,"Design and management of negotiations, organizations, and markets. ",Rolling ,,,"Negotiation, Organizations & Markets, and Organizational Behavior units. ",,,,,,,,,,,,,,,,,,,,,,,,,,,,,,,,,,,,,,,,,
127,Predoctoral Research Associate,https://bit.ly/4fTwIwN,Aliya Korganbekova and Jungkoo Kang ,Harvard Business School ,"Alternative/big data, corporate social responsibility, and corporate finance ",Applications will be considered on a rolling basis. ,,,,,,,,,,,,,,,,,,,,,,,,,,,,,,,,,,,,,,,,,,,,
128,Predoctoral Research Associate,https://bit.ly/4j7fVsZ,Bill Kerr , Harvard Business School (HBS) ,,"The recruiting process is rolling. Applications will be reviewed as they are received, now through spring 2025. ",,,,,,,,,,,,,,,,,,,,,"Research topics include, but are not limited to, entrepreneurship, innovation, and economic growth, with a focus on individual- and firm-level outcomes. ",,,,,,,,,,,,,,,,,,,,,,,
129,Predoctoral Research Associate,https://bit.ly/3PoCBau,: Yuan Zou  ," Accounting and Management Unit,, Harvard Business School ",": Research topics center on corporate communications and corporate financial social media. This is a terrific opportunity to gain exposure to corporate disclosure, information intermediaries, mutual funds, corporate culture, and financial statement analysis. ",": The recruiting process is rolling. Applications will be reviewed as they are received, now through spring 2025. ",,,,,,,,,,,,,,,,,,,,,,,,,,,,,,,,,,,,,,,,,,,,
130,Full-Time Research Assistant in Health Economics and Econometrics,https://bit.ly/42PfuMk,Professors Amanda Kowalski (Michigan) and David Chan (Stanford) ,University of Michigan in Ann Arbor ,Health Economics; Statistics and Econometrics ,Applications will be considered on a rolling basis. ,,,,,,,,"“Equality vs. Equity by Social Vulnerability, Race, and Ethnicity: Evidence from Randomized and Targeted COVID-19 Vaccine Invitations.” ",,,,,,,,,,,,,,,,,,,,,,,,,,,,,,,,,,,,
131,Pre-Doctoral Research Fellow/Researcher,https://bit.ly/3ZM0CNC,Andrew Scott ,"Ellisons Institute of Technology, Oxford ",,Rolling ,,,,,,,,,,,,,,,,,,,,,"Health, Macroeconomics ",,,,,,,,,,,,,,,,,,,,,,,
132,Empirical Research Fellow,https://bit.ly/40B7pMh,,"Kellogg School of Management, Northwestern University ","Quantitative Marketing, Machine Learning, Search ",12/31/2024 ,,,,Ilya Morozov ,,,,,,,,,,,,,,,,,,,,,,,,,,,,,,,,,,,,,,,,
133,Junior Research Scientist,https://bit.ly/4gxyqF9,"Robert Richmond, Toomas Laarits ", NYU Stern School of Business ,Finance ,,,,,,,,,,,,,,,,,,,,,,,,,,,,,,1/1/2025 ,,,,,,,,,,,,,,,
134,Empirical Research Fellow,https://bit.ly/40B7pMh,"Tom Hagenberg, Jung Min Kim, Fabian Nagel, Georg Rickmann "," Kellogg School of Management, Northwestern University ","Accounting, information disclosures, credit markets ",December 31 ,,,,,,,,,,,,,,,,,,,,,,,,,,,,,,,,,,,,,,,,,,,,
135,Full-Time Research Assistant,https://bit.ly/3D1MPLc,Ernest Liu ,: National Bureau of Economic Research ,,: Rolling ,,,,,,,,,,,,,,,,,: Trade Economics ,,,,,,,,,,,,,,,,,,,,,,,,,,,
136,Empirical Research Fellow,https://bit.ly/40B7pMh,Maria Ibañez ," Kellogg School of Management, Northwestern University ","Operations management, labor, health operations ",December 31 ,,,,,,,,,,,,,,,,,,,,,,,,,,,,,,,,,,,,,,,,,,,,
137,Pre-Doctoral Fellow/Research Technician,https://bit.ly/3ZIZXOl,"Sam Norris, Katherine Wagner, Réka Juhász, Gorkem Bostanci, and others "," Vancouver School of Economics, University of British Columbia ","Labor Economics, Development, Economic History, Political Economy, Public Economics, the Economics of Crime, Applied Microeconomics ",: Applications are reviewed on a rolling basis until the positions are filled. ,,,,,,,,,,,,,,,,,,,,,,,,,,,,,,,,,,,,,,,,,,,,
138,Pre-Doctoral Research Associate,https://bit.ly/41qvHcl,Professor Ebehi Iyoha , Harvard Business School (HBS) ,Research projects are related to international trade and draw heavily on applied econometrics and microeconomic theory. ,"The recruiting process is rolling. Applications will be reviewed as they are received, now through spring 2025. ",,,,,,,,,,,,,,,,,,,,,,,,,,,,,,,,,,,,,,,,,,,,
139,Research Assistants,https://bit.ly/3ZjsF70,Dr Chris Colvin and Professor John Turner ," Centre for Economics, Policy and History at Queen’s University Belfast ",Economic History ,6 January 2025 ,,,,,,,,,,,,,,,,,,,,,,,,,,,,,,,,,,,,,,,,,,,,
140,Pre-Doctoral Research Associate,https://bit.ly/3ZB5pTi," Ben Castleman, Tim Layton, Andrew Simon, Sebastian Tello-Trillo, Derek Wu "," University of Virginia, Batten School of Leadership and Public Policy ","Public Economics, Economics of Education, Health Economics, Social Insurance ","January 6, 2025 ",,,,,,,,,,,,,,,,,,,,,,,,,,,,,,,,,,,,,,,,,,,,
141,Pre-Doctoral Research Associate,https://bit.ly/3ZDMU0z,Professor Ray Kluender , Harvard Business School ,"Household finance, public economics, and entrepreneurship ",Rolling ,,,,,,,,,"July 1st, 2025. ",,,,,,,,,,,,,,,,,,,,,,,,,,,,,,,,,,,
142,"Pre-Doctoral Fellowship in Applied Microeconomics: Education, Governance, and Migration",https://bit.ly/49oY4JB,Profs. Ceren Baysan and Román Andrés Zárate ,"Forward Society Lab, Department of Economics, University of Toronto ","Education, Political Economy, Migration ",Rolling. Apply ASAP for early review. ,,,,,,,,,,,,,,,,,,,,,,,,,,,,,,,,,,,,,,,,,,,,
143,Pre-Doctoral Researcher-Technical Associate,https://bit.ly/3B7yo7P,"Namrata Kala, Alexey Makarin, Benjamin Vatter, and Catherine Wolfram ",MIT Sloan School of Management ,Applied Microeconomics ,Applications will be considered on a rolling basis. ,,,,,,,,,,,,,,,,,,,,,,,,,,,,,,,,,,,,,,,,,,,,
144,Empirical Research Fellow,https://bit.ly/40B7pMh,," Kellogg School of Management, Northwestern University ",,12/31/2024 ,,,,Artem Timoshenko ,,,,,,,,,,,,"Quantitative marketing, machine learning, innovation ",,,,,,,,,,,,,,,,,,,,,,,,,,,,
145,Pre-Doctoral Fellow,https://bit.ly/3YZUgtO,Jonathan Colmer and Jay Shimshack , University of Virginia/The Environmental Inequality Lab ,Environmental Economics ,12/1/2024 ,,,,,,,,,,,,,,,,,,,,,,,,,,,,,,,,,,,,,,,,,,,,
146,Pre-Doctoral Fellowship,https://bit.ly/3ZjUaOU,Professor Gabriel Kreindler , Harvard University ,"Urban, spatial and development economics ",Applications will be accepted and reviewed on a rolling basis. ,,,,,,,,,,,,,,,,,,,,,,,,,,,,,,,,,,,,,,,,,,,,
147,Pre-Doctoral Fellowship in Behavioral-Economic Theory,https://bit.ly/4fCW3vS,Professor Matthew Rabin , Harvard University ,Psychology; Economics ,Applications will be accepted and reviewed on a rolling basis. ,,,,,,,,,,,,,,,,,,,,,,,,,,,,,,,,,,,,,,,,,,,,
148,Empirical Research Fellow,https://bit.ly/40B7pMh,Klaus Weber ," Kellogg School of Management, Northwestern University ","Computational sociology, linguistics, organizational behavior, sustainability ",December 31 ,,,,,,,,,,,,,,,,,,,,,,,,,,,,,,,,,,,,,,,,,,,,
149,Pre-Doc Research Analyst,https://bit.ly/3XkpGu1,"Joseph Gyourko, Maisy Wong, Gilles Duranton, Jessie Handbury ","Zell/Lurie Real Estate Center at the Wharton School of Business, University of Pennslyvania ","Applied Microeconomics, real estate, urban economics, household finance, public finance, industrial organization, development ",,,,,,,,,,,,,,,,,,,,,,,,,,,,,,Rolling ,,,,,,,,,,,,,,,JR00095090 
150,Pre-Doctoral Research Fellow,https://bit.ly/4eE1auv,Professors Stefanie Deluca and Nick Papageorge ,Poverty and Inequality Research Lab at Johns Hopkins University ,Sociology and Economics ,"December 2, 2024 ",,,,,,,,,,,,,,,,,,,,,,,,,,,,,,,,,,,,,,,,,,,,
151,Research Data Analyst Associate,https://bit.ly/3YUk8XI,Charles Manski ,"Northwestern University, Department of Economics ","Economics, Health ",Rolling ,,,,,,,,,,,,,,,,,,,,,,,,,,,,,,,,,,,,,,,,,,,,
152,Research Associate,https://bit.ly/3YHu7iY,"Gideon Bornstein, Sasha Indarte, Sergio Salgado ", Wharton School/University of Pennsylvania ,"Macroeconomics, household finance and inequality ","Applications received by November 26, 2024 will be given priority. ",,,,,,,,,,,,,,,,,,,,,,,,,,,,,,,,,,,,,,,,,,,,
