,Job Title,Link,Sponsoring Researcher(s),Sponsoring Institution,Fields of Research,Deadline,Projects,Expected Start Date,Field(s) of Research,Fields,Job Description,Sponsoring Researcher,"INFO SESSION: September 26, 2025 1:30pm – 2:30pm ET",Project,Priority Application Deadline,Sponsoring Researchers,First Review Date,Start Date,,Sponsoring researchers,Fields of research,Deadline/First Review Date,Job Number,Visa,Sponsoring Institution(s),Location,McCoy Family Center for Ethics in Society Research AssociateSponsoring Researcher(s),Project Title,Research Scope,Term,Group Specialization,Field of Research,Project Scope,Next review date,Time Period,Note,Job#,Reference #,Sponsoring,Researcher(s),Job #,Application Deadline,Faculty Focus,Priority Consideration Review Date,Deadline/First review date,Sponsoring Institutions,Research Topics,Deadline for applications,.,Application Period,First Review,Sponsoring Researcher(s,Job ID
0,Research Professional,https://bit.ly/3IkBfxO," Christopher Snyder , Michael Kremer "," Dartmouth, Market Shaping Accelerator ","Microeconomics, economics of innovation, industrial organization, public policy,  health economics, climate, market shaping ","First review, Oct 6. ",,,,,,,,,,,,,,,,,,,,,,,,,,,,,,,,,,,,,,,,,,,,,,,
1,Research Professional – Marianne Bertrand and Chang-Tai Hsieh,https://bit.ly/468yWHd,Marianne Bertrand and Chang-Tai Hsieh ,The Becker Friedman Institute for Economics (BFI) ,,Rolling ,"Projects related to global innovation, China's economic growth, and technological revolution in the US service sector ","July 1, 2026 ",,,,,,,,,,,,,,,,,,,,,,,,,,,,,,,,,,,,,,,,,,,,,
2,Pre-Doctoral Research Specialist,https://bit.ly/3IqatUG,Atif Mian ," Princeton University, Julis-Rabinowitz Center for Public Policy & Finance ",,"Rolling review through January 31, 2026 ",,,"Empirical macrofinance, macroeconomics, finance, policy ",,,,,,,,,,,,,,,,,,,,,,,,,,,,,,,,,,,,,,,,,,,,
3,Full-Time Research Assistant,https://bit.ly/42CmAEW,David Chan , University of California Berkeley ,,Rolling ,,,,"Health Economics, Applied Microeconomics ",,,,,,,,,,,,,,,,,,,,,,,,,,,,,,,,,,,,,,,,,,,
4,Research Professional,https://bit.ly/4nd6UAy,,"The University of Chicago Booth School of Business, Stigler Center ","Economics, Political Economy, Finance, Public Policy ","October 3rd, 2025 ",,,,,,Luigi Zingales ,,,,,,,,,,,,,,,,,,,,,,,,,,,,,,,,,,,,,,,,,
5,Pre-Doctoral Fellowship (Profs.Laibson/Choi/Beshears),https://bit.ly/3KocO2W,"Economics professors David Laibson (Harvard University), James Choi (Yale University), and John Beshears (Harvard Business School) ", Harvard University ,"Behavioral economics, decision making, household finance, and health behaviors ",Rolling. Early applications are encouraged. ,,,,,,,,,,,,,,,,,,,,,,,,,,,,,,,,,,,,,,,,,,,,,,,
6,Pre-Doctoral Technical Associate,https://bit.ly/47MWHG6,"Charles Angelucci, Mert Demirer, Namrata Kala, Alexey Makarin, Benjamin Vatter, Catherine Wolfram ",Massachusetts Institute of Technology: Sloan School of Management ,Applied economics ,We will be accepting and reviewing applications on a rolling basis until the position is filled. ,,,,,,,,,,,,,,,,,,,,,,,,,,,,,,,,,,,,,,,,,,,,,,,
7,Full-Time Senior Research Specialists for AY26-27,https://bit.ly/3Vk1R4R,"Zachary Bleemer , Pauline Carry , Ellora Derenoncourt , Simon Jäger , David Lee , Owen Zidar ","Princeton University, Industrial Relations Section ",,Rolling ,,,"Economics, labor economics ",,,,"For more information, register for a Zoom info session with current research specialists. ",,,,,,,,,,,,,,,,,,,,,,,,,,,,,,,,,,,,,,,,
8,Research Assistant (Pre-Doctoral Researcher),https://bit.ly/46GqaQU,"Zhitao Yin, HKUST Business School ", Hong Kong University of Science and Technology ,Data Science and Tech Innovation ,Rolling-basis until position filled. ,,,,,,,,,,,,,,,,,,,,,,,,,,,,,,,,,,,,,,,,,,,,,,,
9,Pre-Doctoral Research Associate (Summer 2026),https://bit.ly/3KqojXC,"The faculty currently hiring include Samuel Antill , Mark Egan , Chinh Quan Le , Maxwell Miller , Jesse Shapiro , and Marco Tabellini . Additional hiring faculty will be listed in the coming months. ", Harvard Business School ,,,,,,,,,,,,,,,,,,,,,,,,,,,,,,,,,,,,,,,,,,,,,,,,,
10,Senior Research Specialists,https://bit.ly/464Wrkr,"Professors Henrik Kleven, Ilyana Kuziemko, and Evan Soltas ", The Princeton Program in Public Finance ,,Rolling ,,,"Income and wealth inequality, entrepreneurship, gender equality, regional economic development, political economy, and the subsidies on the housing market and social insurance policies. ",,,,,,,,,,,,,,,,,,,,,,,,,,,,,,,,,,,,,,,,,,,,
11,Research Professional-Michael Greenstone,https://bit.ly/3Iezbra,Professor Michael Greenstone ,Energy Policy Institute at the University of Chicago ,,,,"July 1, 2026 ","Energy, microeconomics, marketing, climate change ",,,,,"Projects include research on the Economics of the Global Energy Challenge, including the estimation of energy demand and reforms to bring electricity prices closer to cost in developing countries, willingness to pay for clean air, emissions market design and regulation, the damages of climate change, and adaptation to its impacts. ","September 21, 2025 ",,,,,,,,,,,,,,,,,,,,,,,,,,,,,,,,,,,,,,
12,Research Professional,https://bit.ly/4ppheGR,,The Becker Friedman Institute for Economics (BFI) ,Ongoing and new research projects related to theoretical and applied econometrics with a focus on causal inference. ,Rolling ,,,,,,,,,,Professor Alex Torgovitsky ,,,,,,,,,,,,,,,,,,,,,,,,,,,,,,,,,,,,,
13,Research Professional,https://bit.ly/41XgkaB,Josh Gottlieb and Matt Notowidigdo , Becker Friedman Institute for Economics ,Health economics ,Rolling ,,,,,,,,,,,,,,,,,,,,,,,,,,,,,,,,,,,,,,,,,,,,,,,
14,Study Coordinator/Lab Manager,https://bit.ly/4giGIBI,George Buzzell , Florida International University ,Behavioral Science ,N/A (applications accepted on rolling basis) ,,,,,,,,,,,,,,,,,,,,,,,,,,,,,,,,,,,,,,,,,,,,,,,
15,Full-Time Research Professional (Pre-Doctoral),https://bit.ly/3JTnO8y,"Leland Bybee, Emanuele Colonnelli, Steve Kaplan, Yueran Ma, Scott Nelson, Lubos Pastor, Suproteem Sarkar, Taisiya Sikorskaya, Amir Sufi, Anthony Lee Zhang, Eric Zwick and other finance faculty ","University of Chicago Booth School of Business, Fama-Miller Center for Research in Finance ",Financial Economics ,"October 31, 2025 ",,,,,,,,,,,,,,,,,,,,,,,,,,,,,,,,,,,,,,,,,,,,,,,
16,Pre-Doctoral Research Fellows,https://bit.ly/4mYTNm6,Will Dobbie and Crystal Yang ,Harvard University ,,Applications are reviewed on a rolling basis until all positions are filled. ,,,"Microeconomics, Education, Public Policy ",,,,,,,,,,,,,,,,,,,,,,,,,,,,,,,,,,,,,,,,,,,,
17,Pre-Doctoral Research Fellow,https://stanford.io/4nk4kZD,Matthew Gentzkow ,Stanford University ,Applied microeconomics ,,,,,,,,,,,,Rolling ,,,,,,,,,,,,,,,,,,,,,,,,,,,,,,,,,,,,
18,Empirical Research Fellow,https://bit.ly/4gCsQ5H,Alison D. Morantz and John J. Donohue ,Stanford Law School ,"Microeconomics, labor, public economics ","October 21st, 2025 ",,,,,,,,,,,,,,,,,,,,,,,,,,,,,,,,,,,,,,,,,,,,,,,
19,Pre-Doctoral Research Associate in Economics at the Chair of Globalization and Labor Markets,https://bit.ly/4pcDS5f,David Dorn ,"Department of Economics, University of Zurich ","Labor Economics, Microeconomics ","12th of October for applications, 19th of October for letters of recommendation ",,,,,,,,,,,,Q1 2026 ,,,,,,,,,,,,,,,,,,,,,,,,,,,,,,,,,,,
20,Research Professional-Macro Finance Research Program,https://job-boards.greenhouse.io/universityofchicago/jobs/7142008003,"Professor Lars Peter Hansen, The Macro Finance Research (MFR) Program ",Becker Friedman Institute for Economics at the University of Chicago (BFI) ,"Macroeconomics, financial economics, financial markets, statistics ",Applications will be considered on a rolling basis ,,"April - July, 2026 ",,,,,,,,,,,,,,,,,,,,,,,,,,,,,,,,,,,,,,,,,,,,,
21,RPDE-Pre-Doctoral Fellows/Research Specialists,https://bit.ly/4ghqhFL,"Economists Pascaline Dupas, Thomas Fujiwara, Allan Hsiao, Seema Jayachandran, and Mica Sviatschi ", Princeton’s School of Public & International Affairs ,,"Applications will be reviewed on a rolling basis beginning September 15th until positions are filled and as such, we encourage applicants to apply early. ",,,"Economics, Econometrics and Statistics, Public Policy ",,,,,,,,,Start in summer 2026 ,,,,,,,,,,,,,,,,,,,,,,,,,,,,,,,,,,,
22,Research Professional,https://bit.ly/4nje1a2,: Entrepreneurship Research Lab (Emanuele Colonnelli)  , The University of Chicago Booth School of Business ,": Finance, Entrepreneurship ",": September 30th, rolling review ",,,,,,,,,,,,,,,,,,,,,,,,,,,,,,,,,,,,,,,,,,,,,,,
23,Research Professional,https://bit.ly/4nrhgfQ,Emanuele Colonnelli ,The University of Chicago Booth School of Business ,Finance ,"September 30th, rolling review ",,,,,,,,,,,,,,,,,,,,,,,,,,,,,,,,,,,,,,,,,,,,,,,
24,Research Assistants,https://bit.ly/468OWrn,Board of Governors of the Federal Reserve System ,The Federal Reserve ,,August 15-October 15 (deadline) ,,,"Economics, statistics, finance, data science, public policy, or related fields ",,,,,,,,,,,,,,,,,,,,,,,,,,,,,,,,,,,,,,,,,,,,
25,"Research Assistant, Economic Studies Program",https://bit.ly/47vHQ2B,We are recruiting for multiple centers in the program as follows: ,,,,,,,,,,,,,,,,,,,,,,,,,,,,,,,,,,,,,,,,,,,,,,,,,,
26,Predoctoral Research Fellows,https://siepr.stanford.edu/programs/siepr-predoctoral-research-fellows-program/predoctoral-fellowship-opportunities,,Stanford Institute for Economic Policy Research (SIEPR) ,,"For full consideration, please submit your application by September 19, 2025 ",,,,,,,,,,,,,,"Hunt Allcott, Marcela Alsan, Laurence Baker, Matthew Gentzkow, Allan Hsiao, Omer Karaduman, Daniel Kessler, Neale Mahoney, Grant Miller, Petra Persson, Maya Rossin-Slater, Eric Sun ","Behavioral, Data Science and Tech Innovation, Environmental, Energy, Health, Inequality, Labor, Macroeconomics, Marketing, Media and Technology, Microeconomics, Political Economy, Public Economics, Public Policy ",,,,,,,,,,,,,,,,,,,,,,,,,,,,,,,,
27,Research Assistant in Health Economics and Applied Econometrics,https://bit.ly/3Vxyps7,Amanda Kowalski and Dave Chan , University of Michigan ,"Health, Statistics and Econometrics ",,,,,,,,,,,,,,,,,Rolling ,,,,,,,,,,,,,,,,,,,,,,,,,,,,,,,
28,Research Assistant,https://bit.ly/4p7XUOj,Research Department , Federal Reserve Bank of Boston ,"Economics, public policy ",,,,,,,,,,,,,June 2026 ,,,,"September 30, 2025 ",,,,,,,,,,,,,,,,,,,,,,,,,,,,,,,
29,Pre-Doctoral Research Assistant,https://bit.ly/4nfUIyq,Shing-Yi Wang ,: University of Pennsylvania (The Wharton School) ,,: Rolling ,,,,: Development and Labor Economics ,,,,,,,,,,,,,,,,,,,,,,,,,,,,,,,,,,,,,,,,,,,
30,Pre-Doctoral Research Analyst,https://bit.ly/461Tksc,Judd Kessler and Corinne Low , University of Pennsylvania (The Wharton School) ,"Labor, Gender and Experimental Economics ",Rolling ,,,,,,,,,,,,,,,,,,,,,,,,,,,,,,,,,,,,,,,,,,,,,,,
31,Pre-Doctoral Research Analyst,https://bit.ly/3VzixW4,Leon Musolff and Sagar Saxena , University of Pennsylvania (The Wharton School) ,Industrial Organization ,: Rolling ,,,,,,,,,,,,,,,,,,,,,,,,,,,,,,,,,,,,,,,,,,,,,,,
32,Pre-Doctoral Research Analyst,https://bit.ly/4nejwXB,Arthur van Benthem and Susanna Berkouwer , University of Pennsylvania (The Wharton School) ,Energy and Environmental/Development Economics ,Rolling ,,,,,,,,,,,,,,,,,,,,,,,,,,,,,,,,,,,,,,,,,,,,,,,
33,Pre-Doctoral Fellow,https://bit.ly/47VDlys,"Raj Chetty (Harvard), John Friedman (Harvard/Brown), and Nathan Hendren (Harvard/MIT) ", Opportunity Insights ,"Economics, Public Economics, Public Policy, Big Data, Statistics, Economic Mobility, Labor Markets, Econometrics, Education, Social Capital ","Wednesday, October 1, 2025 ",,,,,,,,,,,,,,,,,,,,,,,,,,,,,,,,,,,,,,,,,,,,,,,
34,Pre-Doctoral Researcher: MIT Economics (Prof. Olken),https://bit.ly/46f3t64, Ben Olken , MIT Economics Department ,"Development Economics, Political Economy, Public Economics, Environmental Economics ",Rolling ,,,,,,,,,,,,,,,,,,,,,,,,,,,,,,,,,,,,,,,,,,,,,,,
35,Research Fellow: Harvard CID (Prof. Rema Hanna),https://bit.ly/4oYCO4T,Rema Hanna , Harvard Center for International Development ,"Development Economics, Political Economy, Public Economics, Environmental Economics ",Rolling ,,,,,,,,,,,,,,,,,,,,,,,,,,,,,,,,,,,,,,,,,,,,,,,
36,Stanford GSB Research Fellows Program,https://stanford.io/46bJDJ0,"Antonio Coppola (Finance), Matteo Maggiori (Finance), Shoshana Vasserman (Economics), Tim de Silva (Finance) ",Stanford Graduate School of Business ,"Economics, Finance ","October 17, 2025. Applications submitted after the deadline will be considered on a rolling basis. ",,,,,,,,,,,,,,,,,,,,,,,,,,,,,,,,,,,,,,,,,,,,,,,
37,Pre-Doctoral Researcher,https://bit.ly/3JGTjSZ,Nathaniel Hendren  ,"Policy Impacts, Massachusetts Institute of Technology ","Economics, workforce/labor, macroeconomics ","The priority application deadline is Sunday, October 5, 2025 at 11:59pm ET, with applications accepted through Friday, October 31, 2025 at 11:59pm ET. ",,,,,,,,,,,,,,,,,25163 ,,,,,,,,,,,,,,,,,,,,,,,,,,,,,,
38,Full-Time Research Assistant,https://bit.ly/4fSrKSF," Samuel Bazzi , Eric Chyn , Andreas Ferrara , Martin Fiszbein , Thomas Pearson , and Patrick Testa ", National Bureau of Economics Research ,"Political economy, development, and economic history ",Applications will be accepted and reviewed on a rolling basis until filled. ,,,,,,,,,,,,,,,,,,,,,,,,,,,,,,,,,,,,,,,,,,,,,,,
39,Pre-Doctoral Researcher,https://bit.ly/4lOF8c2,Bill Evans ,"University of Notre Dame, Wilson Sheehan Lab for Economic Opportunities (LEO) ","Applied Microeconomics, Economics of Education, Health Economics, Labor Economics, Public Economics ","Sep 21, 2025 at 11:59 PM Eastern Time ",,,,,,,,,,,,,,,,,,,,,,,,,,,,,,,,,,,,,,,,,,,,,,,
40,Research Assistants,https://bit.ly/41hKULS,Board of Governors of the Federal Reserve System , Federal Reserve System ,,August 15-October 15 (deadline) ,,,,,,,,,,,,Summer 2025 ,,,"Economics, statistics, math, finance, data science, computer science, public policy ",,,,,,,,,,,,,,,,,,,,,,,,,,,,,,,,
41,Pre-Doctoral Researcher,https://bit.ly/41RRhpl,Nina Roussille , Massachusetts Institute of Technology (MIT) ,Economics ,10/21/2025 ,,,,,,,,,,,,,,,,,,,,,,,,,,,,,,,,,,,,,,,,,,,,,,,
42,Research Assistant,https://bit.ly/4lISruy,The Family and Financial Well-Being Division seeks a research assistant (Step 1/ Research track) with a strong interest in household finance and the social safety net to join the Financial Well-Being practice area. , The Urban Institute ,"Public Policy, Economics, Statistics ",Applications accepted on a rolling basis starting immediately. ,,,,,,,,,,,,,,,,,,,,,,,,,,,,,,,,,,,,,,,,,,,,,,,
43,Research Professional,https://bit.ly/3HsuZ6L,"Milena Almagro, Jacob Conway, Scott Nelson, Pascal Noel, Eric Zwick ", The University of Chicago Booth School of Business ,"Microeconomics, macroeconomics, finance, behavioral economics, IO ",First review on 9/8; applications will be reviewed on a rolling basis thereafter. ,,,,,,,,,,,,,,,,,,,,,,,,,,,,,,,,,,,,,,,,,,,,,,,
44,"Pre-Doctoral Researcher, Health Care and AI",https://bit.ly/3Jh8mTa,Nikhil Agarwal ," Blueprint Labs, MIT ","Economics, AI, Health Care ","Rolling with priority deadline of Sunday, September 21, 2025 at 11:59pm ET. ",,,,,,,,,,,,,,,,,,,,,,,,,,,,,,,,,,,,,,,,,,,,,,,
45,"Pre-Doctoral Researcher, Workforce",https://bit.ly/4oAPLld,"Daron Acemoglu, David Autor, Simon Johnson ","Blueprint, MIT ","Economics, Workforce/Labor, Education ",,,,,,,,,,,,,,,,,"Rolling with priority deadline of Sunday, September 21, 2025 at 11:59pm ET ",,,,,,,,,,,,,,,,,,,,,,,,,,,,,,,
46,"Pre-Doctoral Researcher, Education",https://bit.ly/3J9XDdp,"Josh Angrist, Parag Pathak ","Blueprint Labs, MIT ","Economics, Education ","Rolling with priority deadline of Sunday, September 21, 2025 at 11:59pm ET ",,,,,,,,,,,,,,,,,,,,,,,,,,,,,,,,,,,,,,,,,,,,,,,
47,Research Fellow,https://bit.ly/3HsO7kQ,Pia Caronongan ,Boston University Wheelock Educational Policy Center ,"Education Policy, Early Childhood Education, Economics of Education ",Applications accepted on a rolling basis beginning immediately. ,,,,,,,,,,,,,,,,,,,,,,,,,,,,,,,,,,,,,,,,,,,,,,,
48,Staff Associate I,https://bit.ly/40JSGho,Jose Scheinkman and Harrison Hong ," The Program for Economic Research (PER), Columbia University ",Environmental ,,,,,,,,,,,,,,,,,"September 19, 2025 ",,,,,,,,,,,,,,,,,,,,,,,,,,,,,,,
49,"Research Assistant, Centre for Economic Performance",https://bit.ly/46CYflt,Professor Sandra McNally ,The Centre for Economic Performance ,"Mobility economics, education ",The closing date for receipt of applications is 24th August 2025 (23.59 UK time). ,,,,,,,,,,,,,,,,,,Eligibility to work with the confidential administrative data linkage from the UK's Department for Education in a secure data environment in the UK. ,,,,,,,,,,,,,,,,,,,,,,,,,,,,,
50,Research Associate Fellow,https://bit.ly/3IXz434,Professor Elizabeth Linos ," The People Lab, Harvard Kennedy School ","Behavioral Science, Public Policy, Economics, Statistics ","Applications will be reviewed on a rolling basis with the first review on August 14, 2025. ",,,,,,,,,,,,,,,,,,,,,,,,,,,,,,,,,,,,,,,,,,,,,,,
51,Pre-Doctoral Research Fellow in Development Economics,https://bit.ly/44R5mp0,Prof. Dina Pomeranz ,University of Zurich ,"Development, Public Economics, Political Economy ","August 15, 2025 ",,,,,,,,,,,,,,,,,,,,,,,,,,,,,,,,,,,,,,,,,,,,,,,
52,Full-Time Research Associate,https://bit.ly/4l7fnDs,"Kate Orkin (University of Oxford), Rob Garlick (Duke University), Lukas Hensel (Peking University) ",,"Development, labor, applied microeconomics, behavioral science. ",ASAP - Applications accepted on a rolling basis. ,,,,,,,,,,,,,,,,,,"Right to work in South Africa (citizenship, permanent residency or critical skills visa). Please note that J-PAL Africa cannot sponsor work permits. ", J-PAL Africa and University of Oxford ,,,,,,,,,,,,,,,,,,,,,,,,,,,,
53,Research Professional,https://bit.ly/4feGZoX,"Professors Matthew Denes, Spyros Lagaras, and Margarita Tsoutsoura "," Carnegie Mellon University, University of Illinois Urbana Champaign, and Washington University in St. Louis ","Corporate Finance, Entrepreneurship, US Administrative Tax Data ",Rolling with priority for applications received by August 31 ,,,,,,,,,,,,,,,,,,,,,,,,,,,,,,,,,,,,,,,,,,,,,,,
54,Research Specialist,https://bit.ly/46reOAE,"Coase-Sandor Institute for Law & Economics, Multiple Law School Faculty ","Coase-Sandor Institute for Law & Economics, University of Chicago Law School ",Public Policy ,Rolling ,,,,,,,,,,,,,,,,,,,,,,,,,,,,,,,,,,,,,,,,,,,,,,,
55,Research Specialist,https://bit.ly/3IFNDbl,,Busara Center for Behavioral Economics and Oxford University ,"Development, labor, applied microeconomics, behavioral science ","August 8, 2025 ",,,,,,,,,,"Kate Orkin (University of Oxford), Matthew Ridley (University of Warwick), Alison Andrew (University of Oxford), Nate Barker (Northwestern University), Rob Garlick (Duke University) ",,,,,,,,,,,,,,,,,,,,,,,,,,,,,,,,,,,,,
56,Empirical Research Fellows,https://bit.ly/3Ixcdev,,Northwestern University Kellogg School of Management ,"Applied microeconomics, labor economics, industrial organization, innovation, organizational economics ",Rolling (immediate start date) ,,,,,,,,,,"Shengmao Cao, Benjamin Friedrich, Ryan Hill, Sara Moreira ",,,,,,,,,,,,,,,,,,,,,,,,,,,,,,,,,,,,,
57,Pre-Doctoral Fellowship in Applied Microeconomics,https://bit.ly/3UfXp6y,,University of Michigan ,"Labor, Education, Innovation ","August 8, with rolling review thereafter ",,,,,,,,,,"Francesca Truffa (Michigan), Menaka Hampole (Yale), Ashley Wong (Barnard) ",,,,,,,,,,,,,,,,,,,,,,,,,,,,,,,,,,,,,
58,"Predoctoral Research Fellow, Climate and Nature Finance",https://bit.ly/4eSbfpo,,Geneva Graduate Institute - Hoffmann Centre for Global Sustainability ,"Climate Finance, Environmental, Economics ","First review July 20, rolling review thereafter ",,,,,,Beatrice Weder di Mauro ,,,,,,,,,,,,,,,,,,,,,,,,,,,,,,,,,,,,,,,,,
59,"Staff Associate - Decision, Risk, and Operations",https://bit.ly/3GupeoA,"Decision, Risk, and Operations (DRO) Division ",Columbia Business School ,"Operations Research, Operations Management, Economics, Statistics ",December 2025 ,,,,,,,,,,,,,,,,,,,,,,,,,,,,,,,,,,,,,,,,,,,,,,,
60,Staff Associate - Digital Future Initiative,https://bit.ly/4lbUEz4,"DFI and Decision, Risk, and Operations (DRO) Division ",Columbia Business School ,"Economics, Statistics ","August 8, 2025 ",,,,,,,,,,,,,,,,,,,,,,,,,,,,,,,,,,,,,,,,,,,,,,,
61,Junior Research Scientist,https://bit.ly/4lfB7xM,NYU Stern Marketing Department (Professors Xiao Liu & Raluca Ursu) ,NYU Stern School of Business ,"Economics, Statistics, Marketing, Finance, Computer Science, Mathematics, Operations Research, Machine Learning, Physics ","Applications will be evaluated on a rolling basis, with applications submitted by July 16 receiving full consideration. ",,,,,,,,,,,,,,,,,,"While we cannot explicitly promise a successful visa sponsorship to any applicant, we are absolutely willing and open to consider all candidates, including international students. ",,,,,,,,,,,,,,,,,,,,,,,,,,,,,
62,"Policy Associate, Agriculture",https://bit.ly/40BRWum,Michael Kremer , Development Innovation Lab at the University of Chicago ,Agriculture and food safety; development economics; climate change; and public policy ,Rolling ,,,,,,,,,,,,,,,,,,,,"Washington, D.C. or Chicago, Illinois ",,,,,,,,,,,,,,,,,,,,,,,,,,,
63,Research Scholar,https://bit.ly/44IoC7T,Research Scholar ,Centre for the Governance of AI ,"AI regulation, international governance, technical AI governance, economics of AI, AI risk assessment and forecasting. ",Sunday 20 July ,,,,,,,,,,,,,,,,,,,,,,,,,,,,,,,,,,,,,,,,,,,,,,,
64,Technology Ethics & Policy Rising Scholars Program Research Associate,https://bit.ly/4eciJ69,," McCoy Family Center for Ethics in Society (Ethics Center), Stanford University ","Ethics, policy, society, AI governance, and technology ","First review of the applications will take place on June 25, 2025 ",,,,,,,,,,,,,,,,,,,,,PI Professor Rob Reich ,,,,,,,,,,,,,,,,,,,,,,,,,,
65,Tobin Pre-Doctoral Fellowship,https://bit.ly/4kRXh9a,"Winnie van Dijk (Yale), John Eric Humphries (Yale), Megan Stevenson (University of Virginia), and Aurelie Ouss (University of Pennsylvania) ",Yale University ,"Public Economics, Labor Economics ",Applications will be accepted on a rolling basis. ,,,,,,,,,,,,,,,,,,,,,,Research on the US Criminal Justice System ,,,,,,,,,,,,,,,,,,,,,,,,,
66,Staff Associate,https://bit.ly/44aj2d0,"CUMC and Decision, Risk, and Operations (DRO) Division ","Columbia Business School, Columbia University ",Economics and Statistics ,"July 15, 2025 ",,,,,,,,,,,,,,,,,,,,,,,,,,,,,,,,,,,,,,,,,,,,,,,
67,Research Assistant (Pre-Doc) in Environmental Economics and Innovation,https://bit.ly/4lqhAKT,Eugenie Dugoua ,London School of Economics ,"Environment, Innovation, Data science and tech innovation ",26 June 2025 ,,,,,,,,,,,,,,,,,,,,,,,,,,,,,,,,,,,,,,,,,,,,,,,
68,Junior Research Scientist,https://bit.ly/4jKecZP,Philipp Schnabl and Alexi Savov ,"Stern School of Business, New York University ",Finance ,Rolling; ASAP ,,,,,,,,,,,,,,,,,,,,,,,,,,,,,,,,,,,,,,,,,,,,,,,
69,Full-Time Research Assistant,https://bit.ly/4jMVdxE,"Simon Siegenthaler, University of Texas at Dallas ", National Bureau of Economic Research ,Behavioral Change; Institutional Change; Tipping Points ,Rolling ,,,,,,,,,,,,,,,,,,,,,,,,,,,,,,,,,,,,,,,,,,,,,,,
70,Full-Time Research Assistant,https://bit.ly/43N14NQ,"Kyle Greenberg, Aaron Phipps, Geoffrey Schnorr, Anna Weber ",West Point (Office of Economic and Manpower Analysis) ,"Economics, Econometrics and Statistics ","Rolling. We will begin reviewing candidates starting June 16, 2025 ",,,,,,,,,,,,,,,,,,,,,,,,,,,,,,,,,,,,,,,,,,,,,,,
71,Pre-Doctoral Research Associate,https://bit.ly/43FbnV7,Professor Livia Alfonsi ,"Negotiations, Organizations & Markets unit, Harvard Business School (HBS) ","Development economics, labor economics, marketing, sociology ",Hiring is ASAP ,,,,,,,,,,,,,,,,,,,,,,,"Prof. Alfonsi specializes in development economics, focusing on labor market frictions and the determinants of labor market participation in low-income countries. Her research focuses on identifying barriers preventing young adults and women in poor countries from successfully integrating into labor markets. ","This is a term appointment starting sometime between April 2025 and July 2025, with an expectation of reappointment until June 30, 2027, based on funding and performance. ",,,,,,,,,,,,,,,,,,,,,,,
72,Pre-Doctoral Fellowship,https://bit.ly/4k3yPRU,Professor Dell , Harvard University ,"Political economy, development economics, trade policy, and innovation ","Applicants will be accepted until June 10, 2025. ",,,,,,,,“Trade Policy and Long-Run Economic Development.” ,,,,,,,,,,,,,,,,,,,,,,,,,,,,,,,,,,,,,,,
73,Pre-Doctoral Research Assistant,https://bit.ly/4kwpjXa,OB Faculty ,London Business School ,Organisational Behaviour ,"May 31st, 2025 ",,,,,,,,,,,,,,,,,,,,"London, United Kingdom ",,,,,,,,,,,,,,,,,,,,,,,,,,,
74,Project Academic Specialist (Pre-Doctoral),https://bit.ly/4mqDXAZ,Ryuichi Tanaka and Eric Weese ," Institute of Social Science, University of Tokyo ","Education, Microeconomics, Political Economy ","June. 13, 2025 ",,,,,,,,,,,,Summer or Autumn 2025 ,,,,,,,,"Tokyo, Japan ",,,,,,,,,,,,,,,,,,,,,,,,,,,
75,Research Data Scientist,https://bit.ly/3YTppjn,," Climate Impact Lab, The Energy Policy Institute at the University of Chicago (EPIC) ","Economics, climate science, data science, computer science ",Rolling ,,,,,,,,,,,,,,,,,,,,,,,,,,,,,,,,,,,,,,,,,,,,,,,
76,Climate Economics Pre-Doc,https://bit.ly/43n6AXf,Dr. Kyle Meng ,"Environmental Markets Lab (emLab), University of California, Santa Barbara ","Climate economics, data science ","June 2, 2025 ",,,,,,,,,,,,,,,,,,,,,,,,,,,,,,,,,,,,,,,,,,,,,,,
77,Pre-Doctoral Scholar,https://bit.ly/4kgM6pU,James Robinson , The Harris School of Public Policy at the University of Chicago ,"Psychology, marketing, behavioral economics, decision science, organizational behavior, and management studies ",Rolling ,,,,,,,,,,,,,,,,,,,,"Chicago, Illinois ",,,,,,,,,,,,,,,,,,,,,,,,,,,
78,Economic Research Specialist,https://bit.ly/438l0dz,"Treb Allen (Economics), Davin Chor (Tuck School of Business), and Yang-Yang Zhou (Government) ",Dartmouth University ,International economics ,"Review of applications will begin 13 May 2025, and will continue until the position is filled. ",,,,,,,,,,,,,,,,,,,,,,,,,The Challenges and Opportunities of Globalization ,,,,,,,,,,,,,,,,,,,,,,
79,Pre-Doctoral Fellow,https://bit.ly/4ddx95t,Suzanna Khalifa ,Sciences Po Paris ,"Economics, Development, Labor, Behavioural Sciences ",Rolling ,,,,,,,,,,,,,,,,,,,,,,,,,,,,,,,,,,,,,,,,,,,,,,,
80,Postgraduate Associates (Pre-Docs),https://bit.ly/43i6GQT,"OB faculty (some faculty may include Beth Anne Helgason, David Munguia Gomez, Erin Frey, Jennifer Dannals, Laura Adler, and Minjae Kim) ",Organizational Behavior (OB) group at Yale School of Management ,,Application review will begin immediately and continue on a rolling basis thereafter until the position is filled. Short-listed applicants will be asked to complete a data or technical exercise and may be invited to interview. ,,,,,,,,,,,,Summer 2025 ,,,,,,,,,,,,,,"Sociology, psychology, behavioral science, statistics, behavioral economics ","Research related to the future of work, ethics, decision-making, cultural stereotypes, discrimination and inequality in the workplace. ",,,,,,,,,,,,,,,,,,,,
81,Research Assistant,https://bit.ly/4d9NrfW,,"Arthur Lewis Lab for Comparative Development, University of Manchester ",,,,,,,,"Nuno Palma, Department of Economics ",,,,,,"August 1, 2025 ",,,"Economic history, comparative development ",,,,,"Oxford Road, Manchester ",,,,,,,,,,,,,,,,,,,,,,,,,,,
82,Research Associate,https://bit.ly/4jBbVRq,,,,,,,,,,,,,,,,,,,,,,,,,,,,,,,,,,,,,,,,,,,,,,,,,,,
83,Pre-Doctoral Research Fellows,https://bit.ly/4iSeaPl,Professor Gordon Hanson and Professor Dani Rodrik , Harvard Kennedy School ,"Inequality, labor market outcomes, microeconomics, energy, public policy, and political science ","The final application deadline is May 23, 2025. ",,,,,,,,,,,,Summer 2025 ,,,,,,,,,,The Reimagining the Economy Project ,,,,,"The project entails constructing and analyzing novel data on the factors that make regional economies prosperous and resilient to economic shocks and the effectiveness of industrial, place-based, and other policies in helping regions adjust to adverse changes in economic conditions. ",,,,,,,,,,,,,,,,,,,,
84,Junior Research Scientist,https://bit.ly/4cWMZRP,"Sinja Leonelli, Irina Luneva, Gurpal Sran, and Aleksander Aleszczyk ",NYU Stern School of Business ,Accounting ,Rolling ,,,,,,,,,,,,,,,,,,,,,,,,,,,,,,,,,,,,,,,,,,,,,,,
85,Junior Specialist (Predoc),https://bit.ly/43ctuS4,Cailin Slattery ," Center for Effective Global Action (CEGA), University of California, Berkeley ",,"Friday, May 30, 2025 at 11:59pm (Pacific Time) ",,,,"Infrastructure economics and financing, public policy ",,,,,,,,Fall 2025 ,,,,,,,,,,,,,,,,"Wednesday, May 14, 2025 at 11:59pm (Pacific Time) ",,,,,,,,,,,,,,,,,,,
86,Geospatial Data Scientist Consultant,https://bit.ly/3RLY3aW,,: Yale Economic Growth Center; Yale Inclusion Economics ,": Development economics, data science, environment, statistics ",: Rolling ,,,,,,,,,,,,,,,,,,,,Remote ,,,,,,,,,,,,,,,,,,,,,,,,,,,
87,Pre-Doctoral Research Associate (Development Economics),https://bit.ly/4jDHES6, Duncan Webb ," NovaSBE, Lisbon ","Development, Behavioral Science, Health ",15th May 2025 ,,,,,,,,,,,,,,,,,,,,,,,,,,,,,,,,,,,,,,,,,,,,,,,
88,Pre-Doctoral Fellow,https://bit.ly/4lVCqmo,Dr. Sadegh Eshaghnia ,The Center for the Economics of Human Development ,"Inequality, public policy and intervention, applied microeconomics, econometrics ",Rolling ,,,,,,,,,,,,,,,,,,,,,, Origins of Persistence of Inequality in Denmark  ,,,,,,,,,,,,,,,,,,,,,,,,,
89,Research Associate (Pre-Doc),https://bit.ly/3RG7Or0, Fed economists , Federal Reserve Bank of St. Louis ,"Economics, econometrics, finance ",30 May 2025 midnight UTC ,,,,,,,,,,,,,,,,,,,,,,,,,,,,,,,,,,,,,,,,,,,,,,,
90,Pre-Doctoral Research Fellow,https://bit.ly/4cW2MQY,"Dr. Simone Schaner, Associate Professor (Research) of Economics and fellows/staff at Yale University and Inclusion Economics- India ","Center for Economic and Social Research (CESR),The University of Southern California (USC) ","Development economics, applied econometrics, digital technology and policy, gender ",Rolling ,,,,,,,,,,,,,,,,,,,,"The Fellow will be based at USC, with travel to India and Sub-Saharan Africa. ",,,,,,,,,,,,,,,,,,,,,,,,,,,
91,Pre-Doctoral Data Research Specialist,https://bit.ly/44BgIO5,"John Eric Humphries (Yale), Aurélie Ouss (Upenn), Megan Stevenson (UVA Law),  Winnie van Dijk (Yale) ",University of Pennsylvania ,"Public policy, public economics, criminal justice ",Rolling ,,,,,,,,,,,,,,,,,,,,,,,,,,,,,,,,,,,,,,,,,,,,,,,
92,"Research Manager, Criminal Justice",https://bit.ly/4cJ1Hfg,Researcher Alissa Skog; Research Director Dr. Johanna Lacoe; CRPC Principal Investigators; CRPC Legal Director; and CPL research staff. ,,"Public policy and sociology (homelessness, poverty, criminal justice reform, and education inequality) ",Rolling ,,,,,,,,,,,,,,,,,,, California Policy Lab ,,,,,,,,CPL is the research partner for the Committee on Revision of the Penal Code (CRPC). The Committee is a state entity that studies and recommends changes to all aspects of California’s criminal laws — from policing to sentencing to reentry and more.The Research Manager is the day-to-day project manager on CRPC projects. ,,,,,,,,,,,,,,,,,,,,
93,Pre-Doctoral Associate,https://bit.ly/3GrVh82,, University of Chicago Trust; Development Innovation Lab-India ,"Development economics, health, education, agriculture, climate change ",Rolling ,,,,,,,,,,,,The anticipated start date for this position is between June-July 2025. ,,,,,,,,"Project locations are Bhubaneshwar, Vijayawada, Delhi, Bangalore ",,,,,,,,,,,,,,,,,,,,,,,,,,,
94,Predoctoral Research Assistant – Computational Social Science,https://bit.ly/4jhnqgE,MSR NYC Computational Social Science group , Microsoft Research ,Computational social science ,Applications are reviewed on a rolling basis ,,,,,,,,,,,,,,,,,,,,,,,,,,,,,"Start by June 30, 2025 and end date in July or August 2026 ",,,,,,,,,,,,,,,,,,
95,Research Analyst Positions in Financial Economics (Full-Time),https://bit.ly/4ihAWj7,Alexander Ljungqvist ,Stockholm School of Economics ,,"April 26, 2025 ",,,,,,,,,,,,,,,Finance ,,,,,,,,,,,,,,,A US 4-year bachelor's degree is comparable to a one-year master's in Europe. ,,,,,,,,,,,,,,,,,
96,Junior Research Scientist,https://bit.ly/43ZlUeC,Petra Moser and Jacob French ,"Department of Economics, NYU Stern School of Business ","Applied Microeconomics, Economic History, Labor, Innovation ",Applications will be evaluated on a rolling basis. ,,,,,,,,,,,,,,,,,,,,,,,,,,,,,,,,,,,,,,,,,,,,,,,
97,Pre-Doctoral Fellowship,https://bit.ly/3GdN87l,Prof Breza and Viviano ,Harvard University ,Development economics and econometrics ,Applications will be accepted and reviewed on a rolling basis. ,,,,,,,,,,,,,,,,,,,,,,,,,,,,,,,,,,,,,,,,,,,,,,,
98,Junior Research Scientist,https://bit.ly/3Gdj4bR,Giulia Brancaccio and Felix Montag ,New York University Stern School of Business ,,Rolling basis (first review 30 April) ,,,,,,,,,,,,"A start date of September 2025 is preferred, but negotiable. ",,,,,,,,,,,,,,Industrial Organization and International Trade ,,,,,,,,,,,,,,,,,,,,,
99,Pre-Doctoral Research Associate,https://stanford.io/4cyHfxn, Erik Brynjolfsson , Stanford Institute for Economic Policy Research (SIEPR) ,"Economics, Data Science and Tech Innovation, Labor ",Applications will be accepted and reviewed on a rolling basis. The position will remain open until filled. ,,,,,,,,,,,,"July 7, 2025 ",,,,,,,,,,,,,,,,,,,,,,,,,,,,,,,,,,,
100,Pre-Doc Research Assistant Programme,https://bit.ly/3GmRMjd,,"London Business School, University of London ","Behavioral science, data science and tech innovation, sociology/political science ","May 20, 2025 at 11:59 PM Eastern Time ",,,,,,,,,,,,,,,,,,,,,,,,,,,,,,,,,,,,,,,,,,,,,,,
101,Pre-Doctoral Fellow,https://bit.ly/3EnX25I,Bruce D. Meyer ,"University of Chicago, Harris School of Public Policy ",,Applications will be reviewed on a rolling basis. ,,,"Economics (Labor, Urban, and Public Economics), Data Science and Tech Innovation, and Public Policy ",,,,,,,,,Summer/Fall 2025 ,,,,,,,,,,,,,,,,,,,,,,,,,,,,,,,,,,,
102,Data Analyst I,https://bit.ly/3EoNgjC,," Department of Political Science, MIT ",Computational techniques; data models and operations infrastructure; political science ,Applications are reviewed on a rolling basis. ,,,,,,,,,,,,,,,,,,,,,,,,,,,,,,,24883-6 ,,,,,,,,,,,,,,,,
103,Junior/Assistant Specialist,https://bit.ly/4jxj6d7,Professor David Broockman ,"The Center for the Study of American Democracy, Travers Department of Political Science at UC Berkeley ","Research on political institutions, political behavior, and political economy in the United States. ","Wednesday, Apr 30, 2025 at 11:59pm (Pacific Time) ",,,,,,,,,,,,,,,,,,,,,,,,,,,,,,,,,,,,,,,,,,,,,,,
104,Research Assistant,https://bit.ly/3Epugl1,Clément de Chaisemartin ,Sciences Po-Paris ,Economics; Econometrics ,3 May 2025 - 23:59 (Europe/Paris) ,,,,,,,,,,,,,,,,,,,,,,,,,,,,,,,,,,,,,,,,,,,,,,,
105,Pre-Doctoral Research Associate,https://bit.ly/4jHBP6J,Paul A. Gompers ,Harvard Business School ,Entrepreneurship and Finance ,Applications will be accepted and reviewed on a rolling basis. ,,,,,,,,,,,,,,,,,,,,,,,,,,,,,,,,,,,,,,,,,,,,,,,
106,Pre-Doctoral Research Assistant,https://bit.ly/4lrhTWA,Assistant Professor Amanda Dahlstrand (Zurich); Postdoc Shan Huang (Stockholm); and Associate Professor Guy Michaels (London School) ,University of Zurich ,,"April 30, 2025 ",,,Healthcare; Digitization and Tech; Econometrics; Applied Economics ,,,,,,,,,,,,,,,,,"Stockholm, Sweden ",,,,,,,,,,,,,,,,,,,,,,,,,,,
107,Post-Graduate Associate,https://bit.ly/4jgW89T,Associate Professor of Government and PRL Director Sean Westwood , Dartmouth College ,Data science and computational social science research projects focused on understanding elections and democracy. ,"Review will start immediately (April 1, 2025) and will continue until the position is filled. ",,,,,,,,,,,,,,,,,,,,,,,,,,,,,,,,,,,,,,,,,,,,,,,
108,Pre-Doc Research Analyst,https://bit.ly/4df8Kf4,"Joseph Gyourko, Gilles Duranton, Todd Sinai, Fernando Ferreira, Maisy Wong, Ben Keys, Jessie Handbury, Nina Harari, Sophie Calder-Wang ", Wharton Real Estate Center ,"Applied Microeconomics, real estate, urban economics, household finance, public finance, industrial organization, development ",Rolling ,,,,,,,,,,,,,,,,,,,,,,,,,,,,,,,,JR00094334 ,,,,,,,,,,,,,,,
109,Pre-Doctoral Fellowship in Economics of Education,https://bit.ly/4hF30wM,," Department of Economics, University of Toronto ","Applied Microeconomics, Education ","Rolling, with a start date of June 2025. ",,,,,,,,,,,,,,,,,,Work authorization in Canada is required. ,,,,,,,,,,,,,,, ,"Profs. Gustavo Bobonis, Raissa Fabregas, Orlando Sotomayor, Román Andrés Zárate and Philip Oreopoulos ",,,,,,,,,,,,,
110,Staff Associate,https://bit.ly/4kPBK1i,Economics Division ,Columbia Business School  ,,: Rolling ,,,,: Economics ,,,,,,,,,,,,,,,,,,,,,,,,,,,,,,,,,,,,,,,,,,,
111,Pre-Doctoral Researcher,https://bit.ly/4iHCB2J,Professor Jacob Moscona ,The Massachusetts Institute of Technology ,"Development, Environmental/Climate Change, Innovation, Political Economy, and Trade ",Rolling ,,,,,,,,,,,,,,,,,,,,,,,,,,,,,,,,,,,24844 ,,,,,,,,,,,,
112,Pre-Doctoral Fellowship in Applied Microeconomics,https://bit.ly/3FGz8mk,Prof. Eva Vivalt ," Department of Economics, University of Toronto ","Applied Microeconomics, Cash Transfers, Evidence-Based Decision-Making ","March 31, 2025, with a start date of Summer 2025 ",,,,,,,,,,,,,,,,,,Work authorization in Canada is required. ,,,,,,,,,,,,,,,,,,,,,,,,,,,,,
113,Junior Research Scholar (Pre-Doctoral Fellowship),https://bit.ly/3FHvEjp,Professors Paolo Martellini and Abdou Ndiaye ,The NYU Stern Department of Economics ,"Macroeconomics and related fields (labor, public finance, firm dynamics, and urban economics) ",Applications will be evaluated on a rolling basis. ,,,,,,,,,,,,,,,,,,,,,,,,,,,,,,,,,,,,,,,,,,,,,,,
114,Research Analyst,https://bit.ly/4huZWTD,CEHD’s research is guided by Nobel laureate James J. Heckman to include a comprehensive array of interrelated and interdisciplinary projects and initiatives which promote a thorough empirical understanding of human flourishing. ,Center for the Economics of Human Development (CEHD) ,,,,,Economics; econometrics; health; public policy ,,,,,,,,,,,,,,,,,,,,,,,,,,,,,,,,,Rolling ,,,,,,,,,,,
115,Research Assistant,https://bit.ly/3XUdOQn,Staff economists , Federal Reserve Bank of Chicago ,"Micro and macroeconomics, finance, regional economics, insurance markets, and economic inequality and inclusion. ",Applications will be accepted and reviewed on a rolling basis. ,,,,,,,,,,,,,,,,,,,,,,,,,,,,,,,,,,,,,,,,,,,,,,,
116,Junior Research Scientist,https://bit.ly/3FwtkvG,,,,Rolling ,,,,Management & Operations ,,,,,,,,,,,,,,," Management & Organizations Department, NYU Stern School of Business ",,,,,,,,,,,,,,,,,,Corporate social responsibility; demographics and inequality; entrepreneurship; interpersonal relationships; technology and innovation; the future of work; etc. ,,,,,,,,,,
117,Research Professional,https://bit.ly/4kPP6KP,Dr. Joshua Conrad Jackson ,The University of Chicago Booth School of Business ,Behavioral Science ,"Rolling review, initial full review April 1st. ",,,,,,,,,,,,,,,,,,,,,,,,,,,"Research on how culture and history influence human behavior and cognition, including moral psychology, religious belief and ritual, emotion, political ideology, social norms, and language. ",,,,,,,,,,,,,,,,,,,,
118,Junior Research Scientist,https://bit.ly/3Duauoj,Professors Peter Koudijs and Amanda Dos Santos ,Leonard N. Stern School of Business: Finance Department ,Finance ,"Mar 31, 2025 at 11:59 PM Eastern Time ",,,,,,,,,,,,,,,,,,,,,,,,,,,"Research topics include emerging market debt dynamics, financial strategies of multinational firms, and global capital flows. ",,,,,,,,,,,,,,,,,,,,
119,Pre-Doctoral Fellow in Economics and Applied Machine Learning with a Focus on Developing Countries,https://bit.ly/4kO1vio,David Yanagizawa-Drott , University of Zurich ,"Development, Data Science and Tech Innovation, Machine Learning, Political Economy, Public Policy ",,,,,,,,,"Cutting-edge research exploring the role of AI technologies in lower-middle-income countries, with a focus on Sub-Saharan Africa (Ghana, Tanzania, Kenya) ",,,,,,,,"Applications are reviewed on a rolling basis, with first full review on March 24. ",,,,,,,,,,,,,,,,,,,,,,,,,,,,,,,
120,Full-Time Research Assistant,https://bit.ly/3DK1qLT,Abhishek Nagaraj ,National Bureau of Economic Research ,"Technological Change; Research and Development, Agricultural and Natural Resource Economics; Environmental and Ecological Economics ",Rolling ,,,,,,,,,,,,,,,,,,,,,,,,,,,,,,,,,,,,,,,,,,,,,,,
121,IRiSS Pre-Doctoral Researchers,https://bit.ly/4bGC7XI," Jeffrey Hancock, José Ignacio Cuesta, Jens Hainmueller, Neil Malhotra, Douglas Rivers, Scott Sagan, Johannes Eichstaedt, Michael Frank, Jeremy Freese, David Grusky ",Stanford University – Institute for Research in the Social Sciences ,"Communication, Economics, Political Science, Psychology, Sociology ",,,,,,,,,,,,,,,,,,,,,,,,,,,,,,,,,,,,,,,March 17 ,,,,,,,,,
122,Pre-Doctoral Researcher,https://bit.ly/4bxrBSt,Professors Andrew Garin and Felix Koenig , Carnegie Mellon University: Heinz College ,Labor ,Applications will be accepted and reviewed on a rolling basis. ,,,,,,,,,,,,,,,,,,,,,,,,,,,Projects about the economics of labor markets ,,,,,,,,,,,,,,,,,,,,
123,Research Professional,https://bit.ly/3DiUoha,Sanjog Misra ,The University of Chicago Center for Applied AI ,"Economics, Machine Learning, Computer Science ",,,,,,,,,,,,,,,,,,,,,,,,,,,,,,,,,,,,,,,,"March 21, 2025 ",,,,,,,,
124,Research Associate (Economics),https://bit.ly/3QKowVS,"Prof. Farzana Afridi (Indian Statistical Institute, Delhi) & Dr. Sugat Chaturvedi (Ahmedabad University) ","Centre for Research on the Economics of Climate, Food, Energy and Environment); Indian Statistical Institute (ISI), Delhi Centre; and IFMR (Institute for Financial Management and Research). ",Labor economics ,Applications will be open till the position is filled. ,,,,,,,,The projects seek to harness digital technology to address multiple constraints on Female Labour Force Participation and improve women’s labor market outcomes. ,,,,,,,,,,,,ISI (New Delhi) ,,,,,,,,,,,,,,,,,,,,,,,,,,,
125,Pre-Doc in Economics and Data Science,https://bit.ly/4h3rAH0,"Elliott Ash (ETH Zurich), Benjamin Arold (University of Cambridge) ", ETH Zurich ,"Data Science and Tech Innovation, Education, Political Economy ","April 1, 2025 ",,,,,,,,,,,,,,,,,,,,,,,,,,,,,,,,,,,,,,,,,,,,,,,
126,Pre-Doctoral Fellow in Applied Economics & Impact Evaluation,https://bit.ly/3XmrXpb,Travis J. Lybbert ," University of California, Davis ","Agricultural and Resource Economics, Development Economics ","Mar 5, 2025 at 11:59pm (Pacific Time) ",,,,,,,,,,,,,,,,,,,,,,,,,,,,,,,,,,,,,,,,,,,,,,,
127,Research Associates,https://bit.ly/3Xhfcvq,,,"Education, Finance, Labor, Macro, Public Policy, and Urban ",Rolling ,,,,,,,,,,,,,,,,,,,,,,,,,,,,,,,,,,,,,,,, The Federal Reserve System ,,,,,,,
128,Pre-Doctoral Fellow,https://bit.ly/4gZsAfy,Matt Kahn and Paulina Oliva ,University of Southern California ,,"March 31, 2025 ",,,Environmental Economics ,,,,,,,,,,,,,,,,,,,,,,,,,,,,,,,,,,,,,,,,,,,,
129,Research Professional – International Economics and Economic Geography Initiative,https://bit.ly/4gV5kix,"Brent Neiman, Milena Almagro, and Rohan Kekre ",The Becker Friedman Institute for Economics (BFI) ,"International finance, macro, and spatial economics ",Rolling ,,,,,,,,,,,,"7/1/2025, with flexibility ",,,,,,,,,,,,,,,,,,,,,,,,,,,,,,,,,,,
130,Full-Time Pre-Doctoral Associate,https://bit.ly/4hQFKNa,Professors Hortense Fong and George Gui ,Columbia Business School ,"Data Science, Statistics, Computational Social Science, Computer Science, and Marketing (researchers will apply machine learning techniques to the study of marketing problems, including but not limited to the analysis of consumer behavior, user-generated content, and advertising) ",Applications are reviewed on a rolling basis; the initial full review will be March 15. ,,,,,,,,,,,,,,,,,,,,,,,,,,,,,,,,,,,,,,,,,,,,,,,
131,Pre-Doctoral Research Fellow,https://bit.ly/4h1y09X,"Anya Samek (University of California San Diego), Lena Song (University of Illinois Urbana-Champaign), and John List (University of Chicago) ", University of California San Diego ,"Behavioral Science, Education ","Rolling, with first interviews starting March 1, 2025 ",,,,,,,,,,,,,,,,,,,,,,,,,,,,,,,,,,,,,,,,,,,,,,,
132,Pre-Doctoral Positions,https://bit.ly/3CM4IxV,Abhishek Nagaraj (UC Berkeley) and Matteo Tranchero (Penn) , UC Berkeley’s Haas School of Business; Wharton School of the University of Pennsylvania ,": Applied economics, innovation, entrepreneurship, data science and tech innovation ",Rolling ,,,,,,,,,,,,,,,,,,,,,,,,,,,,,,,,,,,,,,,,,,,,,,,
133,Pre-Doctoral Technical Associate,https://bit.ly/4hBFgtU,": Anna Stansbury, Assistant Professor at MIT Sloan ",: Massachusetts Institute of Technology: Sloan School of Management ,,: We will review all applications and interview candidates in February. ,,,: Labor economics ,,,,,,,,,,,,,,,,,,,,,,,,,,,,,,,,,,,,,,"Research topics will include imperfect competition as well as the role of institutions (e.g. governments, unions) in regulating labor market inequality. ",,,,,,
134,Pre-Doctoral Technical Associate,https://bit.ly/4er9iOY,Antoinette Schoar ,,"FinTech, Cryptocurrency and Blockchain, Consumer Finance, and Financial Intermediation ",,,,,,,,,,,,,,,,,,,, MIT Sloan School of Management ,,,,,,,,,,,,,,,,,,,,,,,We will be accepting and reviewing applications on a rolling basis until the position(s) are filled ,,,,,
135,Full-Time Research Assistant,https://bit.ly/4hwY3a0,Matthew Baron , National Bureau of Economic Research ,"Banking, Financial Crises, Financial History ",Rolling ,,,,,,,,,,,,,,,,,,,,,,,,,,,,,,,,,,,,,,,,,,,,,,,
136,Research Professional in Accounting,https://bit.ly/4hyJouK,Professor Philip Berger ,The University of Chicago Booth School of Business ,"Accounting, corporate finance, and labor economics. ","Applications are reviewed on a rolling basis; the initial full review will be March 15, 2025. ",,,,,,,,,,,,,,,,,,,,,,,,,,,,,,,,,,,,,,,,,,,,,,,
137,Research Professional in Marketing,https://bit.ly/3Eupeng,Professor Andreas Kraft ,University of Chicago Booth School of Business ,Quantitative Marketing ,,,,,,,,,,,,,,,,,,,,,,,,,,,,,,,,,,,,,,,,,,,,,"Applications are reviewed on a rolling basis; the initial full review will be March 1, ",,,
138,Full-Time Research Specialist,https://bit.ly/41c0HfB,," Crockett Lab, Princeton's Department of Psychology and University Center for Human Values ","Psychology, cognitive science, computational social science, data science, and related fields. ","Applications will go under review starting February 14th, rolling afterward. ",,,,,,,,,,,,,,,,,,,,,,,,,,,"The Research Specialist will contribute to research projects investigating transformative experience, identity change, and empathy in the digital age. ",,,,,,,,,,,,,,,,,,,,
139,Pre-Doctoral Fellowship in Applied Economics,https://bit.ly/4jMh0XH,"Profs. Nate Baum-Snow, Victor Couture, and Stephan Heblich "," Department of Economics and Rotman School of Management, University of Toronto ","Urban, Labor, History, Environment, Transportation ",,,,,,,,,,,,,,,,,,,,,,,,,,,,,,,,,,,,,,,,"Rolling, with a start date of Summer 2025 ",,,,,,,,
140,Pre-Doctoral Research Fellow,https://bit.ly/40MdGDf,Dr. John M. Griffin ,Integra FEC ,"Finance, CMBS, Economics, Cryptocurrency, & Fraud Analytics ",04/04/2025 ,,,,,,,,,,,,,,,,,,,,,,,,,,,,,,,,,,,,,,,,,,,,,,,
141,Pre-Doctoral Fellow,https://bit.ly/3CtAoIk,Reed Walker (Business & Public Policy) ,The Center for Effective Global Action (CEGA) and the Opportunity Lab at UC Berkeley ,Energy and Environmental Economics; Labor Economics; Public Economics ,"March 24, 2025 ",,,,,,,,,,,,,,,,,,,,,,,,,,,,,,,,,,,,,,,,,,,,,"February 18, 2025 ",,
142,Research Professional,https://bit.ly/40OKNWZ,Kawin Ethayarajh ,The University of Chicago Booth School of Business ,"Microeconomics, Data Science and Tech Innovation, AI and Machine Learning ","March 31, then rolling ",,,,,,,,,,,,,,,,,,,,,,,,,,,,,,,,,,,,,,,,,,,,,,,
143,Pre-Doctoral Research Specialist,https://bit.ly/42LNHhR,,": Wharton School, University of Pennsylvania ",: Public Economics; Labor; Public Policy; Applied Microeconomics ,: Rolling/February 21st ,,,,,,,,,,,,,,,,,,,,,,,,,,,,,,,,,,,,,,,,,,,,,,): Ben Sprung-Keyser ,
144,Pre-Doctoral Researcher,https://bit.ly/4jMRAZW,Prof. Nina Roussille ,Massachusetts Institute of Technology ,"Research in labor economics on the determinants of imperfect competition, gender and racial inequality, as well as the role of information frictions in generating income inequality. ",Rolling ,,,,,,,,,,,,"June 1st, 2025. ",,,,,,,,,,,,,,,,,,,,,,,,,,,,,,,,,,,#24818 
145,Research Professional,https://bit.ly/40M5pz6,Quentin Vandeweyer and Anthony Lee Zhang ,The University of Chicago Booth School of Business ,"Microeconomics, Finance, Economic Theory, Structural Estimation ","February 28, then rolling ",,,,,,,,,,,,,,,,,,,,,,,,,,,,,,,,,,,,,,,,,,,,,,,
146,Pre-Doctoral Fellow,https://bit.ly/4hlbauQ,Professors Lisa B. Kahn and Ronni Pavan ,University of Rochester; Census Research Data Center ,Labor and urban economics. ,"Review of applications will begin on March 1 2025, with rolling reviews until the position is filled. ",,,,,,,,,,,,,,,,,,,,,,,,,,,,,,,,,,,,,,,,,,,,,,,
147,Research Professional-Climate Impact Lab,https://bit.ly/4jIvasG,: Michael Greenstone ,,,: Rolling ,,,,": Energy, climate policy, climate change's impact on various socioeconomic sectors, including health, agriculture, labor, energy, conflict, coasts, and migration. ",,,,,,,,"July 1, 2025 ",,,,,,,: The Energy Policy Institute at Chicago (EPIC) ,,,,,,,,,,,,,,,,,,,,,,,,,,,,
148,Research Analyst,https://bit.ly/40z56aO,Dean Karlan; Christopher Udry ,"Global Poverty Research Lab, Northwestern University ",Development Economics ,2/14/25 ,,,,,,,,,,,,,,,,,,,,,,,,,,,,,,,,,,,,,,,,,,,,,,,
149,Research Professional,https://bit.ly/42mLf1b,Professor Christopher Blattman ," BFI’s Development Economics Initiative, The Becker Friedman Institute for Economics at the University of Chicago ","Violence prevention, the economics of organized crime, and other topics on the intersection of development economics and political economy. ",Rolling ,,,,,,,,,,,,,,,,,,,,,,,,,,,,,,,,,,,,,,,,,,,,,,,
150,Research Professional,https://bit.ly/4htFJhk,,": Behavioral Insights and Parenting Lab, The University of Chicago ",: Parental decision-making; income-based behavioral interventions; child development ,: Rolling ,,,,,,,,,,,,7/1/2025 ,,,,,,,,,,,,,,,,,,,,,,,,,,,,,,,,,,): Professors Ariel Kalil and Susan Mayer ,
151,Kabir Banerjee Pre-Doctoral Fellowship,https://bit.ly/4juabdh,,The Weiss Fund for Research in Development Economics ,The Weiss Fund for Research in Development Economics supports innovative research projects that aim to improve the lives of people living in developing countries. ,"The application deadline is January 31st, 2025 EOD Central Time. ",,,,,,,,,,,,,,,,,,,,,,,,,,,,,,,,,,,,,,,,,,,,,,,
152,Pre-Doctoral Research Associate,https://bit.ly/4atRIJt,Dan Garrett and Marius Guenzel  ," The Wharton School, University of Pennsylvania ",Finance ,Rolling with First Review Date in early February ,,,,,,,,,,,,,,,,,,,,,,,,,,,,,,,,,,,,,,,,,,,,,,,
